user_id,ts,type,counterparty,amount,balance_before,label
u0,2026-03-03T01:00:00+06:00,send_money,x383452,12548,13611,1
u0,2026-03-03T10:00:00+06:00,merchant_payment,h0_0,800,1063,0
u0,2026-03-03T20:00:00+06:00,receive,h0_0,3000,263,
u0,2026-03-06T06:00:00+06:00,merchant_payment,h0_0,1000,3263,0
u0,2026-03-06T02:00:00+06:00,send_money,x303677,2263,2263,1
u0,2026-03-08T11:00:00+06:00,receive,h0_0,500,0,
u0,2026-03-10T08:00:00+06:00,receive,h0_2,3000,500,
u0,2026-03-11T19:00:00+06:00,send_money,h0_2,350,3500,0
u0,2026-03-13T21:00:00+06:00,merchant_payment,h0_2,1000,3150,0
u0,2026-03-15T00:00:00+06:00,merchant_payment,h0_0,200,2150,0
u0,2026-03-15T16:00:00+06:00,send_money,h0_3,800,1950,0
u0,2026-03-17T16:00:00+06:00,receive,h0_2,2000,1150,
u0,2026-03-19T18:00:00+06:00,send_money,h0_3,200,3150,0
u0,2026-03-20T17:00:00+06:00,merchant_payment,h0_0,500,2950,0
u0,2026-03-21T17:00:00+06:00,merchant_payment,h0_2,200,2450,0
u0,2026-03-22T21:00:00+06:00,receive,h0_3,500,2250,
u0,2026-03-23T06:00:00+06:00,receive,h0_1,2000,2750,
u0,2026-03-25T11:00:00+06:00,receive,h0_3,3000,4750,
u0,2026-03-25T22:00:00+06:00,receive,h0_2,3000,7750,
u0,2026-03-26T12:00:00+06:00,mobile_recharge,h0_2,800,10750,0
u0,2026-03-28T13:00:00+06:00,send_money,h0_1,200,9950,0
u0,2026-03-29T04:00:00+06:00,receive,h0_0,1000,9750,
u0,2026-03-30T17:00:00+06:00,send_money,h0_2,200,10750,0
u0,2026-04-01T01:00:00+06:00,send_money,h0_2,350,10550,0
u0,2026-04-02T12:00:00+06:00,merchant_payment,h0_3,800,10200,0
u0,2026-04-03T19:00:00+06:00,receive,h0_0,3000,9400,
u0,2026-04-04T13:00:00+06:00,receive,h0_3,1000,12400,
u0,2026-04-05T05:00:00+06:00,receive,h0_0,500,13400,
u0,2026-04-05T11:00:00+06:00,send_money,h0_2,1000,13900,0
u0,2026-04-05T21:00:00+06:00,mobile_recharge,h0_1,500,12900,0
u0,2026-04-07T17:00:00+06:00,merchant_payment,h0_3,800,12400,0
u0,2026-04-09T05:00:00+06:00,merchant_payment,h0_2,500,11600,0
u0,2026-04-11T16:00:00+06:00,mobile_recharge,h0_1,1000,11100,0
u0,2026-04-12T07:00:00+06:00,mobile_recharge,h0_2,200,10100,0
u0,2026-04-13T22:00:00+06:00,mobile_recharge,h0_1,1000,9900,0
u0,2026-04-15T20:00:00+06:00,receive,h0_1,1000,8900,
u0,2026-04-18T06:00:00+06:00,merchant_payment,h0_1,1000,9900,0
u0,2026-04-19T10:00:00+06:00,mobile_recharge,h0_2,800,8900,0
u0,2026-04-20T04:00:00+06:00,mobile_recharge,h0_3,500,8100,0
u0,2026-04-20T15:00:00+06:00,receive,h0_3,1000,7600,
u0,2026-04-21T09:00:00+06:00,mobile_recharge,h0_0,800,8600,0
u0,2026-04-23T18:00:00+06:00,send_money,h0_0,800,7800,0
u0,2026-04-25T06:00:00+06:00,merchant_payment,h0_2,200,7000,0
u0,2026-04-26T17:00:00+06:00,send_money,h0_1,350,6800,0
u1,2026-03-03T13:00:00+06:00,merchant_payment,h1_1,1000,3902,0
u1,2026-03-05T13:00:00+06:00,send_money,h1_1,200,2902,0
u1,2026-03-07T22:00:00+06:00,send_money,h1_1,800,2702,0
u1,2026-03-10T02:00:00+06:00,send_money,x307197,1902,1902,1
u1,2026-03-15T02:00:00+06:00,receive,h1_3,500,0,
u1,2026-03-17T09:00:00+06:00,receive,h1_1,500,500,
u1,2026-03-18T02:00:00+06:00,receive,h1_0,500,1000,
u1,2026-03-19T04:00:00+06:00,send_money,h1_3,200,1500,0
u1,2026-03-20T01:00:00+06:00,receive,h1_0,500,1300,
u1,2026-03-21T01:00:00+06:00,send_money,x464779,1800,1800,1
u1,2026-03-30T14:00:00+06:00,receive,h1_1,1000,0,
u1,2026-04-01T17:00:00+06:00,send_money,h1_2,800,1000,0
u1,2026-04-02T21:00:00+06:00,merchant_payment,h1_0,200,200,0
u1,2026-04-05T19:00:00+06:00,receive,h1_2,1000,0,
u1,2026-04-08T01:00:00+06:00,receive,h1_2,3000,1000,
u1,2026-04-09T08:00:00+06:00,receive,h1_2,3000,4000,
u1,2026-04-09T19:00:00+06:00,send_money,h1_1,800,7000,0
u1,2026-04-10T18:00:00+06:00,send_money,h1_2,200,6200,0
u1,2026-04-11T04:00:00+06:00,merchant_payment,h1_0,500,6000,0
u1,2026-04-12T02:00:00+06:00,send_money,x983696,4793,5500,1
u1,2026-04-12T19:00:00+06:00,send_money,h1_2,500,707,0
u1,2026-04-13T19:00:00+06:00,send_money,h1_2,207,207,0
u1,2026-04-14T17:00:00+06:00,receive,h1_1,500,0,
u1,2026-04-16T07:00:00+06:00,merchant_payment,h1_0,500,500,0
u1,2026-04-19T02:00:00+06:00,receive,h1_3,1000,0,
u1,2026-04-20T06:00:00+06:00,mobile_recharge,h1_0,200,1000,0
u1,2026-04-21T15:00:00+06:00,receive,h1_3,500,800,
u1,2026-04-23T05:00:00+06:00,send_money,h1_1,500,1300,0
u1,2026-04-24T16:00:00+06:00,receive,h1_3,2000,800,
u1,2026-04-24T22:00:00+06:00,send_money,h1_2,350,2800,0
u1,2026-04-25T23:00:00+06:00,receive,h1_0,1000,2450,
u1,2026-04-27T02:00:00+06:00,send_money,h1_1,350,3450,0
u1,2026-04-27T13:00:00+06:00,send_money,h1_3,1000,3100,0
u1,2026-04-28T20:00:00+06:00,receive,h1_1,2000,2100,
u2,2026-03-04T13:00:00+06:00,merchant_payment,h2_3,500,5768,0
u2,2026-03-05T04:00:00+06:00,merchant_payment,h2_1,200,5268,0
u2,2026-03-07T08:00:00+06:00,send_money,h2_0,1000,5068,0
u2,2026-03-07T19:00:00+06:00,receive,h2_2,1000,4068,
u2,2026-03-08T07:00:00+06:00,send_money,h2_0,200,5068,0
u2,2026-03-09T20:00:00+06:00,send_money,h2_0,1000,4868,0
u2,2026-03-11T20:00:00+06:00,send_money,h2_3,500,3868,0
u2,2026-03-14T08:00:00+06:00,merchant_payment,h2_1,350,3368,0
u2,2026-03-15T03:00:00+06:00,send_money,x804226,3018,3018,1
u2,2026-03-22T19:00:00+06:00,receive,h2_3,500,0,
u2,2026-03-23T23:00:00+06:00,send_money,x281707,500,500,1
u2,2026-03-25T17:00:00+06:00,receive,h2_3,3000,0,
u2,2026-03-27T00:00:00+06:00,mobile_recharge,h2_2,800,3000,0
u2,2026-03-27T03:00:00+06:00,send_money,x879871,2200,2200,1
u2,2026-03-29T07:00:00+06:00,receive,h2_0,3000,0,
u2,2026-03-30T12:00:00+06:00,send_money,h2_0,500,3000,0
u2,2026-03-30T21:00:00+06:00,mobile_recharge,h2_1,350,2500,0
u2,2026-04-01T06:00:00+06:00,send_money,h2_2,800,2150,0
u2,2026-04-03T15:00:00+06:00,send_money,h2_1,200,1350,0
u2,2026-04-05T19:00:00+06:00,merchant_payment,h2_1,500,1150,0
u2,2026-04-06T04:00:00+06:00,merchant_payment,h2_1,650,650,0
u2,2026-04-08T18:00:00+06:00,receive,h2_1,3000,0,
u2,2026-04-10T04:00:00+06:00,send_money,h2_3,800,3000,0
u2,2026-04-11T21:00:00+06:00,receive,h2_1,500,2200,
u2,2026-04-13T00:00:00+06:00,send_money,h2_2,500,2700,0
u2,2026-04-13T07:00:00+06:00,send_money,h2_3,1000,2200,0
u2,2026-04-14T13:00:00+06:00,mobile_recharge,h2_3,500,1200,0
u2,2026-04-15T03:00:00+06:00,mobile_recharge,h2_1,200,700,0
u2,2026-04-16T00:00:00+06:00,send_money,h2_3,500,500,0
u2,2026-04-16T14:00:00+06:00,receive,h2_3,3000,0,
u2,2026-04-16T20:00:00+06:00,receive,h2_3,3000,3000,
u2,2026-04-17T17:00:00+06:00,send_money,h2_1,1000,6000,0
u2,2026-04-20T03:00:00+06:00,send_money,h2_3,200,5000,0
u2,2026-04-20T09:00:00+06:00,send_money,h2_0,500,4800,0
u2,2026-04-22T07:00:00+06:00,send_money,h2_0,200,4300,0
u3,2026-03-04T13:00:00+06:00,receive,h3_1,2000,12841,
u3,2026-03-06T03:00:00+06:00,send_money,x483069,7564,14841,1
u3,2026-03-07T23:00:00+06:00,send_money,h3_3,1000,7277,0
u3,2026-03-09T16:00:00+06:00,receive,h3_2,3000,6277,
u3,2026-03-10T01:00:00+06:00,receive,h3_3,3000,9277,
u3,2026-03-10T12:00:00+06:00,merchant_payment,h3_2,350,12277,0
u3,2026-03-10T20:00:00+06:00,send_money,h3_2,800,11927,0
u3,2026-03-11T02:00:00+06:00,merchant_payment,h3_0,350,11127,0
u3,2026-03-11T20:00:00+06:00,send_money,h3_1,800,10777,0
u3,2026-03-12T18:00:00+06:00,send_money,h3_3,1000,9977,0
u3,2026-03-13T14:00:00+06:00,send_money,h3_0,1000,8977,0
u3,2026-03-14T21:00:00+06:00,receive,h3_1,500,7977,
u3,2026-03-16T05:00:00+06:00,receive,h3_1,500,8477,
u3,2026-03-17T12:00:00+06:00,send_money,h3_2,200,8977,0
u3,2026-03-18T04:00:00+06:00,mobile_recharge,h3_3,200,8777,0
u3,2026-03-20T04:00:00+06:00,send_money,h3_2,800,8577,0
u3,2026-03-20T16:00:00+06:00,receive,h3_0,2000,7777,
u3,2026-03-21T20:00:00+06:00,mobile_recharge,h3_1,800,9777,0
u3,2026-03-24T03:00:00+06:00,send_money,h3_3,200,8977,0
u3,2026-03-26T06:00:00+06:00,mobile_recharge,h3_3,350,8777,0
u3,2026-03-27T11:00:00+06:00,merchant_payment,h3_3,350,8427,0
u3,2026-03-27T19:00:00+06:00,send_money,h3_0,500,8077,0
u3,2026-03-30T00:00:00+06:00,receive,h3_2,2000,7577,
u3,2026-03-30T23:00:00+06:00,mobile_recharge,h3_0,500,9577,0
u3,2026-03-31T22:00:00+06:00,send_money,h3_0,200,9077,0
u3,2026-04-01T10:00:00+06:00,merchant_payment,h3_3,500,8877,0
u3,2026-04-03T20:00:00+06:00,mobile_recharge,h3_1,200,8377,0
u3,2026-04-06T06:00:00+06:00,mobile_recharge,h3_1,500,8177,0
u3,2026-04-07T17:00:00+06:00,send_money,h3_0,1000,7677,0
u3,2026-04-09T00:00:00+06:00,merchant_payment,h3_0,200,6677,0
u3,2026-04-10T17:00:00+06:00,send_money,h3_3,200,6477,0
u3,2026-04-11T15:00:00+06:00,merchant_payment,h3_3,800,6277,0
u3,2026-04-12T08:00:00+06:00,receive,h3_3,3000,5477,
u3,2026-04-14T05:00:00+06:00,mobile_recharge,h3_0,500,8477,0
u3,2026-04-15T04:00:00+06:00,merchant_payment,h3_2,350,7977,0
u3,2026-04-16T01:00:00+06:00,receive,h3_1,1000,7627,
u3,2026-04-17T01:00:00+06:00,merchant_payment,h3_2,200,8627,0
u3,2026-04-17T23:00:00+06:00,merchant_payment,h3_1,200,8427,0
u3,2026-04-18T07:00:00+06:00,receive,h3_1,3000,8227,
u3,2026-04-20T18:00:00+06:00,send_money,h3_2,350,11227,0
u3,2026-04-21T03:00:00+06:00,receive,h3_0,1000,10877,
u3,2026-04-22T08:00:00+06:00,send_money,h3_2,200,11877,0
u3,2026-04-24T06:00:00+06:00,mobile_recharge,h3_1,200,11677,0
u3,2026-04-25T09:00:00+06:00,receive,h3_2,1000,11477,
u3,2026-04-25T17:00:00+06:00,mobile_recharge,h3_1,200,12477,0
u4,2026-03-04T09:00:00+06:00,receive,h4_0,2000,16401,
u4,2026-03-05T04:00:00+06:00,receive,h4_3,3000,18401,
u4,2026-03-05T14:00:00+06:00,send_money,h4_1,1000,21401,0
u4,2026-03-07T13:00:00+06:00,receive,h4_3,2000,20401,
u4,2026-03-08T13:00:00+06:00,mobile_recharge,h4_0,500,22401,0
u4,2026-03-09T21:00:00+06:00,merchant_payment,h4_2,350,21901,0
u4,2026-03-12T01:00:00+06:00,merchant_payment,h4_3,350,21551,0
u4,2026-03-12T14:00:00+06:00,send_money,h4_2,800,21201,0
u4,2026-03-13T04:00:00+06:00,receive,h4_3,1000,20401,
u4,2026-03-13T15:00:00+06:00,mobile_recharge,h4_1,350,21401,0
u4,2026-03-14T15:00:00+06:00,receive,h4_0,1000,21051,
u4,2026-03-15T03:00:00+06:00,send_money,h4_1,500,22051,0
u4,2026-03-17T14:00:00+06:00,send_money,h4_3,500,21551,0
u4,2026-03-19T10:00:00+06:00,merchant_payment,h4_1,350,21051,0
u4,2026-03-21T07:00:00+06:00,send_money,h4_1,1000,20701,0
u4,2026-03-21T15:00:00+06:00,send_money,h4_3,500,19701,0
u4,2026-03-22T06:00:00+06:00,receive,h4_0,1000,19201,
u4,2026-03-23T23:00:00+06:00,merchant_payment,h4_2,200,20201,0
u4,2026-03-25T19:00:00+06:00,mobile_recharge,h4_2,800,20001,0
u4,2026-03-27T14:00:00+06:00,receive,h4_2,3000,19201,
u4,2026-03-29T00:00:00+06:00,merchant_payment,h4_0,1000,22201,0
u4,2026-03-30T11:00:00+06:00,receive,h4_1,3000,21201,
u4,2026-04-01T20:00:00+06:00,merchant_payment,h4_1,500,24201,0
u4,2026-04-03T01:00:00+06:00,receive,h4_0,3000,23701,
u4,2026-04-03T09:00:00+06:00,send_money,h4_2,1000,26701,0
u4,2026-04-03T18:00:00+06:00,send_money,h4_1,200,25701,0
u4,2026-04-05T15:00:00+06:00,merchant_payment,h4_1,350,25501,0
u4,2026-04-06T15:00:00+06:00,send_money,h4_1,350,25151,0
u4,2026-04-09T02:00:00+06:00,mobile_recharge,h4_1,500,24801,0
u4,2026-04-11T12:00:00+06:00,mobile_recharge,h4_3,350,24301,0
u4,2026-04-13T09:00:00+06:00,send_money,h4_0,350,23951,0
u4,2026-04-14T16:00:00+06:00,receive,h4_2,2000,23601,
u4,2026-04-15T22:00:00+06:00,receive,h4_0,2000,25601,
u4,2026-04-18T05:00:00+06:00,send_money,h4_2,800,27601,0
u4,2026-04-19T03:00:00+06:00,mobile_recharge,h4_3,500,26801,0
u4,2026-04-20T09:00:00+06:00,send_money,h4_2,500,26301,0
u4,2026-04-21T19:00:00+06:00,receive,h4_2,500,25801,
u4,2026-04-24T05:00:00+06:00,send_money,h4_2,200,26301,0
u4,2026-04-25T01:00:00+06:00,receive,h4_3,3000,26101,
u4,2026-04-26T23:00:00+06:00,send_money,x238299,13035,29101,1
u4,2026-04-28T14:00:00+06:00,receive,h4_0,500,16066,
u4,2026-04-30T08:00:00+06:00,send_money,h4_2,1000,16566,0
u4,2026-05-01T16:00:00+06:00,merchant_payment,h4_1,500,15566,0
u4,2026-05-02T08:00:00+06:00,receive,h4_1,1000,15066,
u4,2026-05-03T18:00:00+06:00,receive,h4_2,1000,16066,
u5,2026-03-02T07:00:00+06:00,receive,h5_3,2000,16171,
u5,2026-03-04T03:00:00+06:00,send_money,h5_1,350,18171,0
u5,2026-03-04T11:00:00+06:00,receive,h5_3,500,17821,
u5,2026-03-05T04:00:00+06:00,receive,h5_0,500,18321,
u5,2026-03-05T10:00:00+06:00,merchant_payment,h5_1,350,18821,0
u5,2026-03-06T04:00:00+06:00,send_money,h5_3,1000,18471,0
u5,2026-03-07T18:00:00+06:00,send_money,h5_0,800,17471,0
u5,2026-03-09T00:00:00+06:00,merchant_payment,h5_3,200,16671,0
u5,2026-03-09T17:00:00+06:00,receive,h5_2,500,16471,
u5,2026-03-10T13:00:00+06:00,mobile_recharge,h5_2,200,16971,0
u5,2026-03-12T11:00:00+06:00,send_money,h5_2,500,16771,0
u5,2026-03-12T03:00:00+06:00,send_money,x948649,6868,16271,1
u5,2026-03-15T09:00:00+06:00,merchant_payment,h5_2,350,9403,0
u5,2026-03-16T12:00:00+06:00,send_money,h5_3,800,9053,0
u5,2026-03-19T00:00:00+06:00,receive,h5_2,1000,8253,
u5,2026-03-21T08:00:00+06:00,receive,h5_1,500,9253,
u5,2026-03-21T23:00:00+06:00,receive,h5_0,500,9753,
u5,2026-03-23T20:00:00+06:00,send_money,h5_1,200,10253,0
u5,2026-03-24T04:00:00+06:00,receive,h5_0,500,10053,
u5,2026-03-26T09:00:00+06:00,receive,h5_1,2000,10553,
u5,2026-03-28T19:00:00+06:00,send_money,h5_0,800,12553,0
u5,2026-03-29T16:00:00+06:00,receive,h5_0,500,11753,
u5,2026-03-30T00:00:00+06:00,merchant_payment,h5_0,500,12253,0
u5,2026-03-30T12:00:00+06:00,receive,h5_2,1000,11753,
u5,2026-03-31T14:00:00+06:00,mobile_recharge,h5_2,500,12753,0
u5,2026-03-31T23:00:00+06:00,merchant_payment,h5_2,1000,12253,0
u5,2026-04-03T11:00:00+06:00,merchant_payment,h5_3,200,11253,0
u5,2026-04-05T02:00:00+06:00,send_money,h5_0,1000,11053,0
u5,2026-04-07T05:00:00+06:00,merchant_payment,h5_2,350,10053,0
u5,2026-04-07T11:00:00+06:00,mobile_recharge,h5_0,200,9703,0
u5,2026-04-09T00:00:00+06:00,receive,h5_3,1000,9503,
u5,2026-04-10T19:00:00+06:00,send_money,h5_2,1000,10503,0
u5,2026-04-11T19:00:00+06:00,send_money,h5_1,800,9503,0
u5,2026-04-12T08:00:00+06:00,send_money,h5_3,1000,8703,0
u5,2026-04-14T06:00:00+06:00,merchant_payment,h5_3,200,7703,0
u5,2026-04-16T05:00:00+06:00,receive,h5_2,1000,7503,
u5,2026-04-17T03:00:00+06:00,send_money,h5_1,800,8503,0
u5,2026-04-18T14:00:00+06:00,receive,h5_2,500,7703,
u5,2026-04-20T09:00:00+06:00,mobile_recharge,h5_3,1000,8203,0
u5,2026-04-21T01:00:00+06:00,send_money,h5_2,1000,7203,0
u5,2026-04-21T15:00:00+06:00,send_money,h5_1,1000,6203,0
u5,2026-04-22T14:00:00+06:00,send_money,h5_1,350,5203,0
u5,2026-04-24T18:00:00+06:00,mobile_recharge,h5_1,350,4853,0
u5,2026-04-25T12:00:00+06:00,send_money,h5_0,350,4503,0
u5,2026-04-26T06:00:00+06:00,merchant_payment,h5_2,500,4153,0
u6,2026-03-02T09:00:00+06:00,merchant_payment,h6_1,800,11972,0
u6,2026-03-02T17:00:00+06:00,receive,h6_1,3000,11172,
u6,2026-03-04T07:00:00+06:00,mobile_recharge,h6_0,350,14172,0
u6,2026-03-06T02:00:00+06:00,send_money,x952111,10045,13822,1
u6,2026-03-08T05:00:00+06:00,send_money,h6_3,350,3777,0
u6,2026-03-10T06:00:00+06:00,receive,h6_3,500,3427,
u6,2026-03-11T15:00:00+06:00,send_money,h6_0,800,3927,0
u6,2026-03-13T23:00:00+06:00,merchant_payment,h6_1,500,3127,0
u6,2026-03-15T11:00:00+06:00,send_money,h6_3,1000,2627,0
u6,2026-03-17T23:00:00+06:00,send_money,x952308,1627,1627,1
u6,2026-03-22T21:00:00+06:00,receive,h6_3,2000,0,
u6,2026-03-24T04:00:00+06:00,receive,h6_3,500,2000,
u6,2026-03-25T12:00:00+06:00,send_money,h6_2,200,2500,0
u6,2026-03-26T13:00:00+06:00,merchant_payment,h6_1,800,2300,0
u6,2026-03-27T08:00:00+06:00,receive,h6_1,500,1500,
u6,2026-03-28T20:00:00+06:00,merchant_payment,h6_1,500,2000,0
u6,2026-03-30T07:00:00+06:00,mobile_recharge,h6_1,800,1500,0
u6,2026-04-01T15:00:00+06:00,merchant_payment,h6_3,500,700,0
u6,2026-04-03T16:00:00+06:00,receive,h6_2,500,200,
u6,2026-04-04T20:00:00+06:00,receive,h6_2,2000,700,
u6,2026-04-06T08:00:00+06:00,send_money,h6_0,500,2700,0
u6,2026-04-07T03:00:00+06:00,send_money,x822123,2200,2200,1
u6,2026-04-11T22:00:00+06:00,receive,h6_2,3000,0,
u6,2026-04-14T06:00:00+06:00,receive,h6_1,3000,3000,
u6,2026-04-16T03:00:00+06:00,mobile_recharge,h6_0,1000,6000,0
u6,2026-04-16T21:00:00+06:00,send_money,h6_0,800,5000,0
u6,2026-04-18T14:00:00+06:00,receive,h6_1,3000,4200,
u6,2026-04-21T00:00:00+06:00,receive,h6_0,3000,7200,
u6,2026-04-22T12:00:00+06:00,merchant_payment,h6_3,350,10200,0
u6,2026-04-23T04:00:00+06:00,mobile_recharge,h6_0,350,9850,0
u6,2026-04-24T15:00:00+06:00,mobile_recharge,h6_2,800,9500,0
u6,2026-04-26T00:00:00+06:00,mobile_recharge,h6_0,350,8700,0
u6,2026-04-27T01:00:00+06:00,send_money,x715745,8350,8350,1
u7,2026-03-03T12:00:00+06:00,merchant_payment,h7_0,800,12804,0
u7,2026-03-05T04:00:00+06:00,send_money,h7_0,200,12004,0
u7,2026-03-05T22:00:00+06:00,merchant_payment,h7_0,1000,11804,0
u7,2026-03-07T19:00:00+06:00,receive,h7_1,500,10804,
u7,2026-03-08T03:00:00+06:00,send_money,h7_1,200,11304,0
u7,2026-03-08T11:00:00+06:00,send_money,h7_0,500,11104,0
u7,2026-03-10T19:00:00+06:00,merchant_payment,h7_2,350,10604,0
u7,2026-03-11T03:00:00+06:00,send_money,h7_0,800,10254,0
u7,2026-03-13T13:00:00+06:00,receive,h7_3,3000,9454,
u7,2026-03-14T23:00:00+06:00,receive,h7_1,3000,12454,
u7,2026-03-16T11:00:00+06:00,send_money,h7_0,800,15454,0
u7,2026-03-17T02:00:00+06:00,send_money,h7_0,200,14654,0
u7,2026-03-17T21:00:00+06:00,send_money,h7_0,500,14454,0
u7,2026-03-19T07:00:00+06:00,send_money,h7_0,500,13954,0
u7,2026-03-21T11:00:00+06:00,mobile_recharge,h7_3,800,13454,0
u7,2026-03-21T01:00:00+06:00,send_money,x926240,12654,12654,1
u7,2026-03-25T17:00:00+06:00,receive,h7_0,3000,0,
u7,2026-03-26T19:00:00+06:00,send_money,h7_3,800,3000,0
u7,2026-03-27T10:00:00+06:00,merchant_payment,h7_1,800,2200,0
u7,2026-03-28T16:00:00+06:00,mobile_recharge,h7_2,1000,1400,0
u7,2026-03-29T16:00:00+06:00,send_money,h7_2,400,400,0
u7,2026-04-01T03:00:00+06:00,receive,h7_3,2000,0,
u7,2026-04-02T00:00:00+06:00,mobile_recharge,h7_1,800,2000,0
u7,2026-04-04T02:00:00+06:00,receive,h7_2,2000,1200,
u7,2026-04-05T11:00:00+06:00,receive,h7_2,500,3200,
u7,2026-04-07T22:00:00+06:00,receive,h7_2,1000,3700,
u7,2026-04-10T10:00:00+06:00,send_money,h7_3,500,4700,0
u7,2026-04-12T02:00:00+06:00,mobile_recharge,h7_1,350,4200,0
u7,2026-04-13T22:00:00+06:00,receive,h7_3,3000,3850,
u7,2026-04-16T01:00:00+06:00,receive,h7_0,2000,6850,
u7,2026-04-18T09:00:00+06:00,send_money,h7_2,200,8850,0
u7,2026-04-19T16:00:00+06:00,send_money,h7_2,800,8650,0
u7,2026-04-20T10:00:00+06:00,receive,h7_1,500,7850,
u7,2026-04-22T19:00:00+06:00,send_money,h7_2,800,8350,0
u7,2026-04-23T16:00:00+06:00,receive,h7_2,3000,7550,
u7,2026-04-24T04:00:00+06:00,mobile_recharge,h7_0,350,10550,0
u7,2026-04-26T00:00:00+06:00,receive,h7_0,2000,10200,
u7,2026-04-26T12:00:00+06:00,receive,h7_1,3000,12200,
u7,2026-04-27T10:00:00+06:00,send_money,h7_0,800,15200,0
u7,2026-04-28T08:00:00+06:00,send_money,h7_1,800,14400,0
u7,2026-04-28T15:00:00+06:00,receive,h7_3,2000,13600,
u7,2026-04-30T04:00:00+06:00,merchant_payment,h7_0,1000,15600,0
u7,2026-04-30T17:00:00+06:00,send_money,h7_2,1000,14600,0
u7,2026-05-02T16:00:00+06:00,receive,h7_1,3000,13600,
u8,2026-03-03T00:00:00+06:00,send_money,h8_1,350,17691,0
u8,2026-03-03T01:00:00+06:00,send_money,x877886,3770,17341,1
u8,2026-03-04T20:00:00+06:00,send_money,h8_3,200,13571,0
u8,2026-03-05T02:00:00+06:00,send_money,x709769,7895,13371,1
u8,2026-03-07T06:00:00+06:00,mobile_recharge,h8_0,800,5476,0
u8,2026-03-08T11:00:00+06:00,send_money,h8_3,800,4676,0
u8,2026-03-09T21:00:00+06:00,receive,h8_0,1000,3876,
u8,2026-03-11T08:00:00+06:00,send_money,h8_0,350,4876,0
u8,2026-03-11T18:00:00+06:00,send_money,h8_1,800,4526,0
u8,2026-03-13T00:00:00+06:00,mobile_recharge,h8_3,500,3726,0
u8,2026-03-15T10:00:00+06:00,receive,h8_2,500,3226,
u8,2026-03-16T01:00:00+06:00,send_money,h8_1,800,3726,0
u8,2026-03-17T11:00:00+06:00,send_money,h8_3,350,2926,0
u8,2026-03-17T18:00:00+06:00,mobile_recharge,h8_2,350,2576,0
u8,2026-03-19T07:00:00+06:00,receive,h8_3,3000,2226,
u8,2026-03-19T20:00:00+06:00,receive,h8_1,500,5226,
u8,2026-03-21T13:00:00+06:00,mobile_recharge,h8_2,350,5726,0
u8,2026-03-22T22:00:00+06:00,merchant_payment,h8_1,200,5376,0
u8,2026-03-23T22:00:00+06:00,send_money,h8_2,350,5176,0
u8,2026-03-25T08:00:00+06:00,send_money,h8_1,800,4826,0
u8,2026-03-27T16:00:00+06:00,merchant_payment,h8_1,500,4026,0
u8,2026-03-28T00:00:00+06:00,send_money,h8_1,350,3526,0
u8,2026-03-29T15:00:00+06:00,send_money,h8_1,1000,3176,0
u8,2026-04-01T02:00:00+06:00,receive,h8_2,3000,2176,
u8,2026-04-01T19:00:00+06:00,receive,h8_2,1000,5176,
u8,2026-04-02T13:00:00+06:00,receive,h8_0,3000,6176,
u8,2026-04-04T04:00:00+06:00,send_money,h8_3,200,9176,0
u8,2026-04-05T12:00:00+06:00,send_money,h8_2,350,8976,0
u8,2026-04-07T06:00:00+06:00,send_money,h8_1,500,8626,0
u8,2026-04-08T10:00:00+06:00,mobile_recharge,h8_0,200,8126,0
u8,2026-04-10T13:00:00+06:00,receive,h8_3,2000,7926,
u8,2026-04-12T01:00:00+06:00,send_money,x766452,9926,9926,1
u8,2026-04-14T04:00:00+06:00,receive,h8_1,1000,0,
u8,2026-04-14T16:00:00+06:00,send_money,h8_0,200,1000,0
u8,2026-04-16T18:00:00+06:00,send_money,h8_3,800,800,0
u8,2026-04-19T19:00:00+06:00,receive,h8_2,3000,0,
u8,2026-04-20T08:00:00+06:00,receive,h8_1,3000,3000,
u8,2026-04-22T00:00:00+06:00,merchant_payment,h8_1,1000,6000,0
u8,2026-04-24T05:00:00+06:00,merchant_payment,h8_0,800,5000,0
u8,2026-04-26T01:00:00+06:00,mobile_recharge,h8_3,200,4200,0
u8,2026-04-27T04:00:00+06:00,mobile_recharge,h8_3,1000,4000,0
u8,2026-04-29T14:00:00+06:00,send_money,h8_2,1000,3000,0
u8,2026-05-01T15:00:00+06:00,mobile_recharge,h8_3,200,2000,0
u9,2026-03-03T11:00:00+06:00,receive,h9_1,3000,6572,
u9,2026-03-05T01:00:00+06:00,merchant_payment,h9_3,800,9572,0
u9,2026-03-06T23:00:00+06:00,receive,h9_0,500,8772,
u9,2026-03-08T22:00:00+06:00,send_money,h9_2,1000,9272,0
u9,2026-03-10T19:00:00+06:00,receive,h9_0,500,8272,
u9,2026-03-12T04:00:00+06:00,receive,h9_2,500,8772,
u9,2026-03-12T17:00:00+06:00,mobile_recharge,h9_0,200,9272,0
u9,2026-03-13T04:00:00+06:00,send_money,h9_1,800,9072,0
u9,2026-03-14T18:00:00+06:00,receive,h9_3,2000,8272,
u9,2026-03-16T12:00:00+06:00,mobile_recharge,h9_0,1000,10272,0
u9,2026-03-18T23:00:00+06:00,send_money,h9_1,800,9272,0
u9,2026-03-20T16:00:00+06:00,merchant_payment,h9_2,1000,8472,0
u9,2026-03-22T03:00:00+06:00,send_money,x232344,6093,7472,1
u9,2026-03-23T18:00:00+06:00,mobile_recharge,h9_3,200,1379,0
u9,2026-03-24T10:00:00+06:00,mobile_recharge,h9_2,800,1179,0
u9,2026-03-25T10:00:00+06:00,send_money,h9_0,200,379,0
u9,2026-03-27T03:00:00+06:00,receive,h9_3,2000,179,
u9,2026-03-29T03:00:00+06:00,receive,h9_3,3000,2179,
u9,2026-03-30T07:00:00+06:00,merchant_payment,h9_1,350,5179,0
u9,2026-03-31T10:00:00+06:00,mobile_recharge,h9_1,1000,4829,0
u9,2026-04-02T20:00:00+06:00,send_money,h9_3,500,3829,0
u9,2026-04-04T01:00:00+06:00,send_money,x522068,3329,3329,1
u9,2026-04-05T22:00:00+06:00,receive,h9_0,2000,0,
u9,2026-04-07T04:00:00+06:00,mobile_recharge,h9_2,500,2000,0
u9,2026-04-08T08:00:00+06:00,send_money,h9_3,500,1500,0
u9,2026-04-10T16:00:00+06:00,mobile_recharge,h9_3,800,1000,0
u9,2026-04-11T09:00:00+06:00,merchant_payment,h9_3,200,200,0
u9,2026-04-13T04:00:00+06:00,receive,h9_2,2000,0,
u9,2026-04-15T15:00:00+06:00,merchant_payment,h9_2,350,2000,0
u9,2026-04-15T21:00:00+06:00,receive,h9_3,2000,1650,
u9,2026-04-16T22:00:00+06:00,merchant_payment,h9_3,1000,3650,0
u9,2026-04-18T03:00:00+06:00,send_money,x475073,2650,2650,1
u9,2026-04-20T05:00:00+06:00,receive,h9_0,1000,0,
u9,2026-04-21T13:00:00+06:00,merchant_payment,h9_1,350,1000,0
u9,2026-04-23T02:00:00+06:00,send_money,h9_2,650,650,0
u9,2026-04-26T05:00:00+06:00,receive,h9_1,2000,0,
u9,2026-04-27T19:00:00+06:00,send_money,h9_0,1000,2000,0
u9,2026-04-28T23:00:00+06:00,send_money,h9_0,800,1000,0
u9,2026-05-01T07:00:00+06:00,receive,h9_2,500,200,
u9,2026-05-02T14:00:00+06:00,send_money,h9_0,350,700,0
u9,2026-05-04T03:00:00+06:00,send_money,h9_1,350,350,0
u9,2026-05-05T21:00:00+06:00,receive,h9_3,3000,0,
u10,2026-03-03T11:00:00+06:00,receive,h10_1,2000,17110,
u10,2026-03-05T14:00:00+06:00,receive,h10_1,2000,19110,
u10,2026-03-05T22:00:00+06:00,send_money,h10_0,500,21110,0
u10,2026-03-07T02:00:00+06:00,send_money,x933799,9487,20610,1
u10,2026-03-09T01:00:00+06:00,send_money,x650303,6904,11123,1
u10,2026-03-10T00:00:00+06:00,receive,h10_1,1000,4219,
u10,2026-03-11T02:00:00+06:00,receive,h10_2,3000,5219,
u10,2026-03-12T10:00:00+06:00,send_money,h10_3,200,8219,0
u10,2026-03-14T11:00:00+06:00,mobile_recharge,h10_1,800,8019,0
u10,2026-03-15T18:00:00+06:00,send_money,h10_1,200,7219,0
u10,2026-03-16T10:00:00+06:00,mobile_recharge,h10_2,800,7019,0
u10,2026-03-16T23:00:00+06:00,send_money,h10_2,800,6219,0
u10,2026-03-17T12:00:00+06:00,send_money,h10_1,800,5419,0
u10,2026-03-18T23:00:00+06:00,send_money,h10_0,500,4619,0
u10,2026-03-20T02:00:00+06:00,send_money,h10_1,200,4119,0
u10,2026-03-21T01:00:00+06:00,send_money,h10_3,800,3919,0
u10,2026-03-21T17:00:00+06:00,send_money,h10_3,800,3119,0
u10,2026-03-22T18:00:00+06:00,send_money,h10_1,800,2319,0
u10,2026-03-24T21:00:00+06:00,mobile_recharge,h10_3,1000,1519,0
u10,2026-03-26T13:00:00+06:00,receive,h10_1,1000,519,
u10,2026-03-28T19:00:00+06:00,receive,h10_2,500,1519,
u10,2026-03-31T00:00:00+06:00,send_money,h10_1,500,2019,0
u10,2026-04-01T06:00:00+06:00,send_money,h10_1,500,1519,0
u10,2026-04-03T03:00:00+06:00,send_money,x844292,1019,1019,1
u10,2026-04-06T12:00:00+06:00,receive,h10_2,3000,0,
u10,2026-04-07T16:00:00+06:00,send_money,h10_1,500,3000,0
u10,2026-04-07T23:00:00+06:00,send_money,h10_2,800,2500,0
u10,2026-04-09T23:00:00+06:00,send_money,h10_3,500,1700,0
u10,2026-04-10T16:00:00+06:00,merchant_payment,h10_1,200,1200,0
u10,2026-04-11T00:00:00+06:00,merchant_payment,h10_2,350,1000,0
u10,2026-04-13T05:00:00+06:00,receive,h10_1,2000,650,
u10,2026-04-14T23:00:00+06:00,mobile_recharge,h10_2,800,2650,0
u10,2026-04-15T05:00:00+06:00,receive,h10_0,2000,1850,
u10,2026-04-17T17:00:00+06:00,send_money,h10_1,200,3850,0
u10,2026-04-20T01:00:00+06:00,merchant_payment,h10_2,200,3650,0
u10,2026-04-22T03:00:00+06:00,send_money,h10_1,500,3450,0
u10,2026-04-23T07:00:00+06:00,merchant_payment,h10_2,1000,2950,0
u10,2026-04-24T21:00:00+06:00,receive,h10_3,1000,1950,
u10,2026-04-26T22:00:00+06:00,send_money,h10_1,800,2950,0
u10,2026-04-27T06:00:00+06:00,send_money,h10_2,350,2150,0
u10,2026-04-29T13:00:00+06:00,send_money,h10_1,200,1800,0
u10,2026-04-30T17:00:00+06:00,send_money,h10_2,350,1600,0
u10,2026-05-02T18:00:00+06:00,send_money,h10_1,350,1250,0
u10,2026-05-04T08:00:00+06:00,send_money,h10_2,500,900,0
u11,2026-03-04T16:00:00+06:00,receive,h11_3,500,7649,
u11,2026-03-06T22:00:00+06:00,merchant_payment,h11_1,1000,8149,0
u11,2026-03-09T09:00:00+06:00,send_money,h11_0,500,7149,0
u11,2026-03-10T03:00:00+06:00,send_money,x318666,6229,6649,1
u11,2026-03-11T03:00:00+06:00,mobile_recharge,h11_0,350,420,0
u11,2026-03-12T13:00:00+06:00,send_money,h11_1,70,70,0
u11,2026-03-12T21:00:00+06:00,receive,h11_0,3000,0,
u11,2026-03-15T02:00:00+06:00,merchant_payment,h11_2,200,3000,0
u11,2026-03-16T11:00:00+06:00,mobile_recharge,h11_2,200,2800,0
u11,2026-03-16T22:00:00+06:00,send_money,h11_2,350,2600,0
u11,2026-03-17T23:00:00+06:00,send_money,x880362,2250,2250,1
u11,2026-03-21T22:00:00+06:00,receive,h11_2,2000,0,
u11,2026-03-22T19:00:00+06:00,receive,h11_3,500,2000,
u11,2026-03-23T04:00:00+06:00,mobile_recharge,h11_3,350,2500,0
u11,2026-03-25T00:00:00+06:00,send_money,h11_1,350,2150,0
u11,2026-03-26T10:00:00+06:00,merchant_payment,h11_0,800,1800,0
u11,2026-03-27T04:00:00+06:00,receive,h11_0,2000,1000,
u11,2026-03-27T12:00:00+06:00,mobile_recharge,h11_3,350,3000,0
u11,2026-03-27T22:00:00+06:00,send_money,h11_3,500,2650,0
u11,2026-03-29T08:00:00+06:00,receive,h11_1,1000,2150,
u11,2026-03-30T14:00:00+06:00,send_money,h11_2,1000,3150,0
u11,2026-04-01T02:00:00+06:00,receive,h11_3,2000,2150,
u11,2026-04-02T11:00:00+06:00,send_money,h11_1,800,4150,0
u11,2026-04-04T20:00:00+06:00,mobile_recharge,h11_2,1000,3350,0
u11,2026-04-06T14:00:00+06:00,mobile_recharge,h11_3,350,2350,0
u11,2026-04-07T17:00:00+06:00,merchant_payment,h11_1,350,2000,0
u11,2026-04-09T19:00:00+06:00,receive,h11_3,2000,1650,
u11,2026-04-11T00:00:00+06:00,send_money,h11_3,500,3650,0
u11,2026-04-11T20:00:00+06:00,receive,h11_0,1000,3150,
u11,2026-04-12T16:00:00+06:00,mobile_recharge,h11_0,350,4150,0
u11,2026-04-14T19:00:00+06:00,send_money,h11_1,1000,3800,0
u11,2026-04-17T00:00:00+06:00,send_money,h11_0,800,2800,0
u11,2026-04-19T09:00:00+06:00,send_money,h11_0,1000,2000,0
u11,2026-04-20T20:00:00+06:00,merchant_payment,h11_1,350,1000,0
u11,2026-04-23T03:00:00+06:00,receive,h11_0,2000,650,
u11,2026-04-24T10:00:00+06:00,receive,h11_0,2000,2650,
u11,2026-04-24T16:00:00+06:00,send_money,h11_3,500,4650,0
u11,2026-04-26T19:00:00+06:00,receive,h11_1,500,4150,
u11,2026-04-28T13:00:00+06:00,receive,h11_1,2000,4650,
u11,2026-04-29T18:00:00+06:00,send_money,h11_0,500,6650,0
u11,2026-04-30T15:00:00+06:00,send_money,h11_2,800,6150,0
u11,2026-05-03T01:00:00+06:00,send_money,h11_2,1000,5350,0
u11,2026-05-03T09:00:00+06:00,send_money,h11_2,500,4350,0
u12,2026-03-03T21:00:00+06:00,send_money,h12_0,800,17639,0
u12,2026-03-04T07:00:00+06:00,send_money,h12_2,800,16839,0
u12,2026-03-06T02:00:00+06:00,send_money,h12_2,800,16039,0
u12,2026-03-06T09:00:00+06:00,send_money,h12_3,200,15239,0
u12,2026-03-06T19:00:00+06:00,receive,h12_3,3000,15039,
u12,2026-03-07T11:00:00+06:00,send_money,h12_1,1000,18039,0
u12,2026-03-08T16:00:00+06:00,send_money,h12_1,1000,17039,0
u12,2026-03-09T11:00:00+06:00,receive,h12_3,2000,16039,
u12,2026-03-10T14:00:00+06:00,send_money,h12_2,500,18039,0
u12,2026-03-11T17:00:00+06:00,merchant_payment,h12_0,350,17539,0
u12,2026-03-13T13:00:00+06:00,receive,h12_1,1000,17189,
u12,2026-03-14T03:00:00+06:00,send_money,x374167,12321,18189,1
u12,2026-03-16T06:00:00+06:00,send_money,h12_0,1000,5868,0
u12,2026-03-17T00:00:00+06:00,mobile_recharge,h12_0,500,4868,0
u12,2026-03-19T08:00:00+06:00,mobile_recharge,h12_1,200,4368,0
u12,2026-03-21T14:00:00+06:00,merchant_payment,h12_1,500,4168,0
u12,2026-03-22T17:00:00+06:00,receive,h12_2,2000,3668,
u12,2026-03-25T01:00:00+06:00,mobile_recharge,h12_1,350,5668,0
u12,2026-03-25T16:00:00+06:00,receive,h12_3,500,5318,
u12,2026-03-26T23:00:00+06:00,send_money,h12_2,350,5818,0
u12,2026-03-27T14:00:00+06:00,send_money,h12_2,200,5468,0
u12,2026-03-29T09:00:00+06:00,mobile_recharge,h12_2,1000,5268,0
u12,2026-03-30T20:00:00+06:00,merchant_payment,h12_3,200,4268,0
u12,2026-03-31T22:00:00+06:00,send_money,h12_2,1000,4068,0
u12,2026-04-03T04:00:00+06:00,receive,h12_1,2000,3068,
u12,2026-04-05T07:00:00+06:00,receive,h12_3,500,5068,
u12,2026-04-06T17:00:00+06:00,receive,h12_0,2000,5568,
u12,2026-04-07T11:00:00+06:00,receive,h12_1,500,7568,
u12,2026-04-09T07:00:00+06:00,receive,h12_2,500,8068,
u12,2026-04-11T11:00:00+06:00,receive,h12_2,1000,8568,
u12,2026-04-13T03:00:00+06:00,send_money,x967717,3451,9568,1
u12,2026-04-13T22:00:00+06:00,merchant_payment,h12_0,800,6117,0
u12,2026-04-15T19:00:00+06:00,send_money,h12_0,800,5317,0
u12,2026-04-16T06:00:00+06:00,merchant_payment,h12_3,1000,4517,0
u12,2026-04-17T04:00:00+06:00,mobile_recharge,h12_0,500,3517,0
u12,2026-04-17T13:00:00+06:00,send_money,h12_2,350,3017,0
u12,2026-04-17T20:00:00+06:00,receive,h12_0,1000,2667,
u12,2026-04-19T00:00:00+06:00,mobile_recharge,h12_1,1000,3667,0
u12,2026-04-19T20:00:00+06:00,mobile_recharge,h12_3,200,2667,0
u12,2026-04-21T19:00:00+06:00,mobile_recharge,h12_3,1000,2467,0
u12,2026-04-23T00:00:00+06:00,send_money,h12_1,500,1467,0
u12,2026-04-24T17:00:00+06:00,send_money,h12_2,350,967,0
u12,2026-04-26T00:00:00+06:00,send_money,h12_0,617,617,0
u12,2026-04-26T13:00:00+06:00,receive,h12_1,1000,0,
u12,2026-04-27T11:00:00+06:00,send_money,h12_1,350,1000,0
u13,2026-03-04T14:00:00+06:00,mobile_recharge,h13_3,350,3951,0
u13,2026-03-06T23:00:00+06:00,send_money,h13_0,200,3601,0
u13,2026-03-07T09:00:00+06:00,send_money,h13_2,200,3401,0
u13,2026-03-09T03:00:00+06:00,send_money,h13_3,350,3201,0
u13,2026-03-10T01:00:00+06:00,receive,h13_1,3000,2851,
u13,2026-03-10T21:00:00+06:00,mobile_recharge,h13_3,500,5851,0
u13,2026-03-12T10:00:00+06:00,receive,h13_3,1000,5351,
u13,2026-03-14T17:00:00+06:00,send_money,h13_2,500,6351,0
u13,2026-03-15T20:00:00+06:00,receive,h13_1,1000,5851,
u13,2026-03-16T22:00:00+06:00,send_money,h13_3,350,6851,0
u13,2026-03-19T06:00:00+06:00,receive,h13_0,2000,6501,
u13,2026-03-21T13:00:00+06:00,mobile_recharge,h13_3,350,8501,0
u13,2026-03-23T14:00:00+06:00,receive,h13_1,500,8151,
u13,2026-03-23T20:00:00+06:00,receive,h13_1,2000,8651,
u13,2026-03-25T10:00:00+06:00,merchant_payment,h13_1,800,10651,0
u13,2026-03-25T21:00:00+06:00,send_money,h13_3,500,9851,0
u13,2026-03-27T16:00:00+06:00,receive,h13_0,500,9351,
u13,2026-03-28T06:00:00+06:00,send_money,h13_3,200,9851,0
u13,2026-03-28T15:00:00+06:00,merchant_payment,h13_0,200,9651,0
u13,2026-03-29T02:00:00+06:00,send_money,x718684,9451,9451,1
u13,2026-04-03T11:00:00+06:00,receive,h13_0,1000,0,
u13,2026-04-04T09:00:00+06:00,send_money,h13_1,1000,1000,0
u13,2026-04-07T19:00:00+06:00,receive,h13_2,3000,0,
u13,2026-04-09T12:00:00+06:00,merchant_payment,h13_2,800,3000,0
u13,2026-04-10T14:00:00+06:00,merchant_payment,h13_1,800,2200,0
u13,2026-04-11T22:00:00+06:00,mobile_recharge,h13_0,350,1400,0
u13,2026-04-14T00:00:00+06:00,send_money,h13_1,350,1050,0
u13,2026-04-14T11:00:00+06:00,mobile_recharge,h13_0,700,700,0
u13,2026-04-23T19:00:00+06:00,receive,h13_0,1000,0,
u13,2026-04-26T01:00:00+06:00,send_money,h13_1,500,1000,0
u13,2026-04-28T02:00:00+06:00,receive,h13_1,3000,500,
u13,2026-04-30T00:00:00+06:00,merchant_payment,h13_0,500,3500,0
u13,2026-05-01T05:00:00+06:00,send_money,h13_0,800,3000,0
u13,2026-05-03T07:00:00+06:00,mobile_recharge,h13_2,1000,2200,0
u13,2026-05-04T17:00:00+06:00,send_money,h13_2,800,1200,0
u13,2026-05-06T03:00:00+06:00,send_money,h13_1,400,400,0
u14,2026-03-03T07:00:00+06:00,receive,h14_0,1000,14144,
u14,2026-03-05T01:00:00+06:00,mobile_recharge,h14_2,1000,15144,0
u14,2026-03-06T03:00:00+06:00,merchant_payment,h14_3,200,14144,0
u14,2026-03-08T15:00:00+06:00,receive,h14_3,1000,13944,
u14,2026-03-10T23:00:00+06:00,merchant_payment,h14_0,800,14944,0
u14,2026-03-12T04:00:00+06:00,receive,h14_3,2000,14144,
u14,2026-03-13T13:00:00+06:00,merchant_payment,h14_2,350,16144,0
u14,2026-03-16T01:00:00+06:00,mobile_recharge,h14_1,1000,15794,0
u14,2026-03-16T11:00:00+06:00,merchant_payment,h14_0,200,14794,0
u14,2026-03-17T17:00:00+06:00,merchant_payment,h14_0,200,14594,0
u14,2026-03-19T04:00:00+06:00,send_money,h14_3,350,14394,0
u14,2026-03-20T14:00:00+06:00,send_money,h14_0,350,14044,0
u14,2026-03-21T21:00:00+06:00,mobile_recharge,h14_2,1000,13694,0
u14,2026-03-24T04:00:00+06:00,send_money,h14_0,350,12694,0
u14,2026-03-25T22:00:00+06:00,merchant_payment,h14_0,350,12344,0
u14,2026-03-26T07:00:00+06:00,send_money,h14_2,800,11994,0
u14,2026-03-28T00:00:00+06:00,send_money,h14_1,800,11194,0
u14,2026-03-29T22:00:00+06:00,receive,h14_1,2000,10394,
u14,2026-03-31T13:00:00+06:00,mobile_recharge,h14_2,1000,12394,0
u14,2026-04-01T00:00:00+06:00,merchant_payment,h14_2,1000,11394,0
u14,2026-04-02T14:00:00+06:00,send_money,h14_2,500,10394,0
u14,2026-04-03T20:00:00+06:00,send_money,h14_2,500,9894,0
u14,2026-04-04T10:00:00+06:00,receive,h14_3,2000,9394,
u14,2026-04-06T10:00:00+06:00,send_money,h14_2,500,11394,0
u14,2026-04-07T21:00:00+06:00,send_money,h14_0,500,10894,0
u14,2026-04-09T13:00:00+06:00,receive,h14_0,2000,10394,
u14,2026-04-10T12:00:00+06:00,receive,h14_2,3000,12394,
u14,2026-04-11T06:00:00+06:00,merchant_payment,h14_3,800,15394,0
u14,2026-04-12T23:00:00+06:00,send_money,x899808,13473,14594,1
u14,2026-04-12T14:00:00+06:00,receive,h14_3,500,1121,
u14,2026-04-13T07:00:00+06:00,receive,h14_3,1000,1621,
u14,2026-04-14T03:00:00+06:00,send_money,h14_2,350,2621,0
u14,2026-04-14T18:00:00+06:00,send_money,h14_0,800,2271,0
u14,2026-04-15T12:00:00+06:00,mobile_recharge,h14_3,350,1471,0
u14,2026-04-17T15:00:00+06:00,send_money,h14_1,200,1121,0
u14,2026-04-17T23:00:00+06:00,receive,h14_2,3000,921,
u14,2026-04-20T05:00:00+06:00,receive,h14_1,2000,3921,
u14,2026-04-21T06:00:00+06:00,send_money,h14_1,350,5921,0
u14,2026-04-22T13:00:00+06:00,send_money,h14_1,500,5571,0
u14,2026-04-24T12:00:00+06:00,send_money,h14_3,350,5071,0
u14,2026-04-25T21:00:00+06:00,send_money,h14_0,500,4721,0
u14,2026-04-27T21:00:00+06:00,merchant_payment,h14_0,500,4221,0
u14,2026-04-29T01:00:00+06:00,receive,h14_0,3000,3721,
u14,2026-04-29T19:00:00+06:00,send_money,h14_0,350,6721,0
u14,2026-05-01T07:00:00+06:00,mobile_recharge,h14_1,1000,6371,0
u15,2026-03-04T18:00:00+06:00,receive,h15_2,500,4061,
u15,2026-03-05T12:00:00+06:00,mobile_recharge,h15_0,350,4561,0
u15,2026-03-06T16:00:00+06:00,send_money,h15_2,350,4211,0
u15,2026-03-09T00:00:00+06:00,send_money,h15_3,200,3861,0
u15,2026-03-11T08:00:00+06:00,receive,h15_3,3000,3661,
u15,2026-03-11T16:00:00+06:00,receive,h15_3,500,6661,
u15,2026-03-13T15:00:00+06:00,mobile_recharge,h15_2,200,7161,0
u15,2026-03-15T19:00:00+06:00,mobile_recharge,h15_1,200,6961,0
u15,2026-03-16T01:00:00+06:00,send_money,h15_3,500,6761,0
u15,2026-03-16T23:00:00+06:00,receive,h15_0,1000,6261,
u15,2026-03-17T14:00:00+06:00,merchant_payment,h15_0,500,7261,0
u15,2026-03-18T11:00:00+06:00,receive,h15_2,500,6761,
u15,2026-03-19T16:00:00+06:00,send_money,h15_1,350,7261,0
u15,2026-03-21T20:00:00+06:00,send_money,h15_0,200,6911,0
u15,2026-03-22T05:00:00+06:00,send_money,h15_1,350,6711,0
u15,2026-03-24T11:00:00+06:00,receive,h15_0,2000,6361,
u15,2026-03-25T20:00:00+06:00,send_money,h15_2,1000,8361,0
u15,2026-03-26T07:00:00+06:00,send_money,h15_1,1000,7361,0
u15,2026-03-28T17:00:00+06:00,receive,h15_0,2000,6361,
u15,2026-03-29T01:00:00+06:00,receive,h15_2,1000,8361,
u15,2026-03-30T04:00:00+06:00,receive,h15_1,3000,9361,
u15,2026-03-30T10:00:00+06:00,send_money,h15_3,200,12361,0
u15,2026-04-01T18:00:00+06:00,receive,h15_1,1000,12161,
u15,2026-04-04T03:00:00+06:00,mobile_recharge,h15_1,350,13161,0
u15,2026-04-06T06:00:00+06:00,merchant_payment,h15_3,200,12811,0
u15,2026-04-07T21:00:00+06:00,send_money,h15_0,350,12611,0
u15,2026-04-10T09:00:00+06:00,send_money,h15_2,1000,12261,0
u15,2026-04-12T18:00:00+06:00,mobile_recharge,h15_3,350,11261,0
u15,2026-04-15T05:00:00+06:00,send_money,h15_0,800,10911,0
u15,2026-04-16T14:00:00+06:00,send_money,h15_2,1000,10111,0
u15,2026-04-17T00:00:00+06:00,send_money,h15_2,350,9111,0
u15,2026-04-17T18:00:00+06:00,send_money,h15_3,1000,8761,0
u15,2026-04-19T01:00:00+06:00,merchant_payment,h15_2,800,7761,0
u15,2026-04-19T12:00:00+06:00,receive,h15_3,2000,6961,
u15,2026-04-21T20:00:00+06:00,merchant_payment,h15_0,200,8961,0
u15,2026-04-23T04:00:00+06:00,send_money,h15_1,500,8761,0
u15,2026-04-23T15:00:00+06:00,mobile_recharge,h15_0,500,8261,0
u15,2026-04-24T02:00:00+06:00,send_money,h15_3,800,7761,0
u15,2026-04-24T15:00:00+06:00,receive,h15_3,500,6961,
u15,2026-04-27T01:00:00+06:00,mobile_recharge,h15_2,350,7461,0
u15,2026-04-27T17:00:00+06:00,receive,h15_2,3000,7111,
u15,2026-04-29T06:00:00+06:00,merchant_payment,h15_1,350,10111,0
u15,2026-04-30T21:00:00+06:00,receive,h15_0,1000,9761,
u15,2026-05-01T18:00:00+06:00,send_money,h15_2,500,10761,0
u15,2026-05-03T11:00:00+06:00,mobile_recharge,h15_3,350,10261,0
u16,2026-03-03T03:00:00+06:00,mobile_recharge,h16_2,500,16632,0
u16,2026-03-05T03:00:00+06:00,merchant_payment,h16_0,800,16132,0
u16,2026-03-06T01:00:00+06:00,send_money,x584489,9179,15332,1
u16,2026-03-07T18:00:00+06:00,merchant_payment,h16_1,1000,6153,0
u16,2026-03-08T02:00:00+06:00,send_money,h16_0,500,5153,0
u16,2026-03-08T20:00:00+06:00,send_money,h16_0,800,4653,0
u16,2026-03-11T01:00:00+06:00,send_money,h16_1,500,3853,0
u16,2026-03-12T09:00:00+06:00,merchant_payment,h16_0,800,3353,0
u16,2026-03-14T12:00:00+06:00,merchant_payment,h16_2,350,2553,0
u16,2026-03-16T22:00:00+06:00,receive,h16_1,2000,2203,
u16,2026-03-17T16:00:00+06:00,send_money,h16_1,500,4203,0
u16,2026-03-19T03:00:00+06:00,send_money,x401573,3703,3703,1
u16,2026-03-21T19:00:00+06:00,receive,h16_3,2000,0,
u16,2026-03-22T13:00:00+06:00,mobile_recharge,h16_3,200,2000,0
u16,2026-03-23T18:00:00+06:00,send_money,h16_3,500,1800,0
u16,2026-03-24T13:00:00+06:00,mobile_recharge,h16_3,350,1300,0
u16,2026-03-24T21:00:00+06:00,receive,h16_3,3000,950,
u16,2026-03-27T03:00:00+06:00,receive,h16_2,3000,3950,
u16,2026-03-29T06:00:00+06:00,mobile_recharge,h16_2,200,6950,0
u16,2026-03-30T03:00:00+06:00,send_money,x370833,6750,6750,1
u16,2026-04-05T02:00:00+06:00,receive,h16_3,500,0,
u16,2026-04-06T09:00:00+06:00,merchant_payment,h16_2,500,500,0
u16,2026-04-11T06:00:00+06:00,receive,h16_1,500,0,
u16,2026-04-13T00:00:00+06:00,send_money,h16_2,350,500,0
u16,2026-04-13T20:00:00+06:00,send_money,h16_0,150,150,0
u16,2026-04-19T20:00:00+06:00,receive,h16_2,1000,0,
u16,2026-04-20T08:00:00+06:00,send_money,h16_0,500,1000,0
u16,2026-04-22T10:00:00+06:00,send_money,h16_2,350,500,0
u16,2026-04-23T21:00:00+06:00,send_money,h16_2,150,150,0
u16,2026-05-03T07:00:00+06:00,receive,h16_3,3000,0,
u16,2026-05-04T01:00:00+06:00,mobile_recharge,h16_3,350,3000,0
u16,2026-05-06T07:00:00+06:00,receive,h16_3,500,2650,
u17,2026-03-05T11:00:00+06:00,receive,h17_1,2000,9478,
u17,2026-03-07T04:00:00+06:00,send_money,h17_2,200,11478,0
u17,2026-03-07T14:00:00+06:00,mobile_recharge,h17_2,1000,11278,0
u17,2026-03-09T12:00:00+06:00,receive,h17_2,2000,10278,
u17,2026-03-10T13:00:00+06:00,receive,h17_2,1000,12278,
u17,2026-03-11T21:00:00+06:00,mobile_recharge,h17_3,200,13278,0
u17,2026-03-12T09:00:00+06:00,send_money,h17_3,800,13078,0
u17,2026-03-13T12:00:00+06:00,mobile_recharge,h17_1,200,12278,0
u17,2026-03-15T02:00:00+06:00,mobile_recharge,h17_0,350,12078,0
u17,2026-03-17T12:00:00+06:00,merchant_payment,h17_3,350,11728,0
u17,2026-03-18T02:00:00+06:00,receive,h17_1,500,11378,
u17,2026-03-20T06:00:00+06:00,merchant_payment,h17_0,200,11878,0
u17,2026-03-22T13:00:00+06:00,receive,h17_2,500,11678,
u17,2026-03-23T16:00:00+06:00,send_money,h17_3,350,12178,0
u17,2026-03-24T13:00:00+06:00,receive,h17_3,2000,11828,
u17,2026-03-25T01:00:00+06:00,receive,h17_1,1000,13828,
u17,2026-03-26T11:00:00+06:00,send_money,h17_3,200,14828,0
u17,2026-03-27T23:00:00+06:00,receive,h17_3,1000,14628,
u17,2026-03-30T01:00:00+06:00,merchant_payment,h17_0,800,15628,0
u17,2026-03-30T11:00:00+06:00,merchant_payment,h17_1,200,14828,0
u17,2026-04-01T05:00:00+06:00,send_money,h17_0,350,14628,0
u17,2026-04-01T01:00:00+06:00,send_money,x421509,6939,14278,1
u17,2026-04-02T23:00:00+06:00,send_money,x275728,3677,7339,1
u17,2026-04-03T10:00:00+06:00,send_money,h17_0,200,3662,0
u17,2026-04-04T01:00:00+06:00,merchant_payment,h17_2,200,3462,0
u17,2026-04-04T07:00:00+06:00,receive,h17_0,500,3262,
u17,2026-04-05T21:00:00+06:00,mobile_recharge,h17_0,200,3762,0
u17,2026-04-07T02:00:00+06:00,send_money,x25241,3562,3562,1
u17,2026-04-13T20:00:00+06:00,receive,h17_0,1000,0,
u17,2026-04-14T07:00:00+06:00,merchant_payment,h17_2,350,1000,0
u17,2026-04-16T03:00:00+06:00,send_money,h17_1,200,650,0
u17,2026-04-16T13:00:00+06:00,receive,h17_3,1000,450,
u17,2026-04-18T00:00:00+06:00,send_money,h17_1,200,1450,0
u17,2026-04-20T11:00:00+06:00,receive,h17_1,500,1250,
u17,2026-04-22T23:00:00+06:00,mobile_recharge,h17_0,350,1750,0
u17,2026-04-24T09:00:00+06:00,send_money,h17_2,500,1400,0
u17,2026-04-25T11:00:00+06:00,mobile_recharge,h17_1,800,900,0
u17,2026-04-26T01:00:00+06:00,send_money,x357263,100,100,1
u17,2026-05-03T08:00:00+06:00,receive,h17_0,2000,0,
u18,2026-03-04T15:00:00+06:00,receive,h18_3,1000,11525,
u18,2026-03-06T12:00:00+06:00,send_money,h18_2,800,12525,0
u18,2026-03-07T02:00:00+06:00,send_money,x672281,7251,11725,1
u18,2026-03-09T12:00:00+06:00,send_money,h18_1,200,4474,0
u18,2026-03-11T01:00:00+06:00,send_money,x561699,3238,4274,1
u18,2026-03-12T00:00:00+06:00,mobile_recharge,h18_0,800,1036,0
u18,2026-03-14T07:00:00+06:00,merchant_payment,h18_2,236,236,0
u18,2026-03-19T13:00:00+06:00,receive,h18_2,2000,0,
u18,2026-03-20T06:00:00+06:00,receive,h18_0,3000,2000,
u18,2026-03-22T17:00:00+06:00,send_money,h18_0,1000,5000,0
u18,2026-03-23T02:00:00+06:00,receive,h18_2,500,4000,
u18,2026-03-25T14:00:00+06:00,send_money,h18_2,500,4500,0
u18,2026-03-26T04:00:00+06:00,send_money,h18_2,500,4000,0
u18,2026-03-27T19:00:00+06:00,merchant_payment,h18_1,500,3500,0
u18,2026-03-30T01:00:00+06:00,receive,h18_1,1000,3000,
u18,2026-04-01T07:00:00+06:00,send_money,h18_3,500,4000,0
u18,2026-04-01T16:00:00+06:00,receive,h18_2,3000,3500,
u18,2026-04-02T13:00:00+06:00,send_money,h18_3,200,6500,0
u18,2026-04-04T00:00:00+06:00,merchant_payment,h18_3,200,6300,0
u18,2026-04-05T12:00:00+06:00,send_money,h18_3,800,6100,0
u18,2026-04-06T01:00:00+06:00,receive,h18_2,2000,5300,
u18,2026-04-07T11:00:00+06:00,send_money,h18_0,200,7300,0
u18,2026-04-08T23:00:00+06:00,send_money,h18_3,200,7100,0
u18,2026-04-10T08:00:00+06:00,mobile_recharge,h18_1,1000,6900,0
u18,2026-04-11T03:00:00+06:00,receive,h18_2,3000,5900,
u18,2026-04-12T14:00:00+06:00,merchant_payment,h18_1,200,8900,0
u18,2026-04-14T12:00:00+06:00,send_money,h18_2,200,8700,0
u18,2026-04-16T15:00:00+06:00,send_money,h18_1,1000,8500,0
u18,2026-04-18T13:00:00+06:00,send_money,h18_0,800,7500,0
u18,2026-04-20T05:00:00+06:00,send_money,h18_1,500,6700,0
u18,2026-04-21T11:00:00+06:00,send_money,h18_0,500,6200,0
u18,2026-04-23T13:00:00+06:00,receive,h18_0,3000,5700,
u18,2026-04-24T23:00:00+06:00,receive,h18_2,500,8700,
u18,2026-04-26T09:00:00+06:00,send_money,h18_2,500,9200,0
u18,2026-04-26T19:00:00+06:00,merchant_payment,h18_0,500,8700,0
u18,2026-04-27T15:00:00+06:00,receive,h18_3,2000,8200,
u18,2026-04-29T16:00:00+06:00,merchant_payment,h18_1,350,10200,0
u18,2026-04-30T10:00:00+06:00,mobile_recharge,h18_2,350,9850,0
u18,2026-04-30T18:00:00+06:00,mobile_recharge,h18_0,1000,9500,0
u18,2026-05-03T01:00:00+06:00,receive,h18_1,500,8500,
u18,2026-05-04T21:00:00+06:00,merchant_payment,h18_3,1000,9000,0
u18,2026-05-05T11:00:00+06:00,send_money,h18_2,800,8000,0
u19,2026-03-03T08:00:00+06:00,send_money,h19_0,350,7491,0
u19,2026-03-04T17:00:00+06:00,receive,h19_3,3000,7141,
u19,2026-03-05T15:00:00+06:00,merchant_payment,h19_1,500,10141,0
u19,2026-03-06T03:00:00+06:00,receive,h19_0,500,9641,
u19,2026-03-07T03:00:00+06:00,receive,h19_1,1000,10141,
u19,2026-03-08T11:00:00+06:00,receive,h19_2,3000,11141,
u19,2026-03-10T20:00:00+06:00,send_money,h19_0,800,14141,0
u19,2026-03-12T09:00:00+06:00,send_money,h19_2,1000,13341,0
u19,2026-03-13T18:00:00+06:00,receive,h19_3,2000,12341,
u19,2026-03-14T11:00:00+06:00,mobile_recharge,h19_1,800,14341,0
u19,2026-03-16T02:00:00+06:00,merchant_payment,h19_0,1000,13541,0
u19,2026-03-16T21:00:00+06:00,merchant_payment,h19_0,800,12541,0
u19,2026-03-18T00:00:00+06:00,mobile_recharge,h19_1,800,11741,0
u19,2026-03-20T08:00:00+06:00,merchant_payment,h19_0,350,10941,0
u19,2026-03-21T15:00:00+06:00,mobile_recharge,h19_1,500,10591,0
u19,2026-03-22T21:00:00+06:00,send_money,h19_1,350,10091,0
u19,2026-03-23T20:00:00+06:00,receive,h19_3,1000,9741,
u19,2026-03-25T23:00:00+06:00,send_money,x988156,8440,10741,1
u19,2026-03-27T11:00:00+06:00,send_money,h19_3,500,2301,0
u19,2026-03-29T02:00:00+06:00,send_money,x413169,1801,1801,1
u19,2026-04-06T15:00:00+06:00,receive,h19_0,1000,0,
u19,2026-04-08T17:00:00+06:00,receive,h19_1,1000,1000,
u19,2026-04-09T10:00:00+06:00,send_money,h19_1,200,2000,0
u19,2026-04-09T23:00:00+06:00,receive,h19_1,500,1800,
u19,2026-04-10T03:00:00+06:00,send_money,x335711,2300,2300,1
u19,2026-04-12T20:00:00+06:00,receive,h19_0,500,0,
u19,2026-04-14T17:00:00+06:00,receive,h19_1,2000,500,
u19,2026-04-17T01:00:00+06:00,send_money,h19_3,350,2500,0
u19,2026-04-18T21:00:00+06:00,merchant_payment,h19_0,350,2150,0
u19,2026-04-20T03:00:00+06:00,send_money,x835874,1800,1800,1
u19,2026-04-28T03:00:00+06:00,receive,h19_1,3000,0,
u19,2026-04-30T09:00:00+06:00,send_money,h19_2,200,3000,0
u19,2026-05-01T05:00:00+06:00,merchant_payment,h19_2,350,2800,0
u19,2026-05-03T02:00:00+06:00,receive,h19_1,1000,2450,
u19,2026-05-04T03:00:00+06:00,send_money,h19_1,350,3450,0
u19,2026-05-04T23:00:00+06:00,mobile_recharge,h19_2,800,3100,0
u19,2026-05-06T03:00:00+06:00,send_money,x93466,2300,2300,1
u20,2026-03-03T19:00:00+06:00,receive,h20_1,1000,4608,
u20,2026-03-05T06:00:00+06:00,receive,h20_0,2000,5608,
u20,2026-03-07T14:00:00+06:00,mobile_recharge,h20_2,800,7608,0
u20,2026-03-09T21:00:00+06:00,receive,h20_3,500,6808,
u20,2026-03-11T06:00:00+06:00,mobile_recharge,h20_1,800,7308,0
u20,2026-03-13T18:00:00+06:00,merchant_payment,h20_2,1000,6508,0
u20,2026-03-16T01:00:00+06:00,merchant_payment,h20_0,200,5508,0
u20,2026-03-16T12:00:00+06:00,send_money,h20_0,1000,5308,0
u20,2026-03-16T22:00:00+06:00,mobile_recharge,h20_2,200,4308,0
u20,2026-03-18T07:00:00+06:00,send_money,h20_0,200,4108,0
u20,2026-03-19T07:00:00+06:00,mobile_recharge,h20_0,200,3908,0
u20,2026-03-19T23:00:00+06:00,send_money,h20_3,350,3708,0
u20,2026-03-20T16:00:00+06:00,send_money,h20_2,500,3358,0
u20,2026-03-21T13:00:00+06:00,merchant_payment,h20_0,500,2858,0
u20,2026-03-23T01:00:00+06:00,receive,h20_2,1000,2358,
u20,2026-03-25T07:00:00+06:00,merchant_payment,h20_1,350,3358,0
u20,2026-03-25T19:00:00+06:00,mobile_recharge,h20_1,200,3008,0
u20,2026-03-27T09:00:00+06:00,mobile_recharge,h20_1,1000,2808,0
u20,2026-03-28T11:00:00+06:00,receive,h20_1,2000,1808,
u20,2026-03-30T11:00:00+06:00,mobile_recharge,h20_1,1000,3808,0
u20,2026-03-30T17:00:00+06:00,mobile_recharge,h20_0,200,2808,0
u20,2026-03-31T13:00:00+06:00,mobile_recharge,h20_2,500,2608,0
u20,2026-04-01T18:00:00+06:00,send_money,h20_2,200,2108,0
u20,2026-04-02T00:00:00+06:00,send_money,h20_1,200,1908,0
u20,2026-04-04T06:00:00+06:00,receive,h20_2,2000,1708,
u20,2026-04-05T20:00:00+06:00,send_money,h20_2,350,3708,0
u20,2026-04-07T12:00:00+06:00,send_money,h20_0,500,3358,0
u20,2026-04-10T00:00:00+06:00,merchant_payment,h20_0,1000,2858,0
u20,2026-04-11T03:00:00+06:00,mobile_recharge,h20_1,500,1858,0
u20,2026-04-12T00:00:00+06:00,receive,h20_2,500,1358,
u20,2026-04-12T03:00:00+06:00,send_money,x74085,1858,1858,1
u20,2026-04-18T00:00:00+06:00,receive,h20_1,1000,0,
u20,2026-04-18T19:00:00+06:00,send_money,h20_0,1000,1000,0
u20,2026-04-27T17:00:00+06:00,receive,h20_2,500,0,
u20,2026-04-28T02:00:00+06:00,send_money,h20_0,500,500,0
u21,2026-03-03T05:00:00+06:00,merchant_payment,h21_3,200,19737,0
u21,2026-03-03T19:00:00+06:00,merchant_payment,h21_2,350,19537,0
u21,2026-03-04T14:00:00+06:00,mobile_recharge,h21_0,200,19187,0
u21,2026-03-06T17:00:00+06:00,receive,h21_2,1000,18987,
u21,2026-03-07T13:00:00+06:00,send_money,h21_1,350,19987,0
u21,2026-03-09T18:00:00+06:00,merchant_payment,h21_1,500,19637,0
u21,2026-03-11T08:00:00+06:00,receive,h21_3,500,19137,
u21,2026-03-11T19:00:00+06:00,mobile_recharge,h21_3,350,19637,0
u21,2026-03-13T06:00:00+06:00,receive,h21_2,1000,19287,
u21,2026-03-14T14:00:00+06:00,send_money,h21_1,350,20287,0
u21,2026-03-15T22:00:00+06:00,send_money,h21_2,350,19937,0
u21,2026-03-17T08:00:00+06:00,receive,h21_2,1000,19587,
u21,2026-03-17T21:00:00+06:00,merchant_payment,h21_3,800,20587,0
u21,2026-03-19T09:00:00+06:00,send_money,h21_1,800,19787,0
u21,2026-03-20T23:00:00+06:00,receive,h21_2,500,18987,
u21,2026-03-23T01:00:00+06:00,send_money,x371292,9965,19487,1
u21,2026-03-24T04:00:00+06:00,merchant_payment,h21_3,350,9522,0
u21,2026-03-26T23:00:00+06:00,send_money,x371691,9172,9172,1
u21,2026-04-08T18:00:00+06:00,receive,h21_0,1000,0,
u21,2026-04-10T23:00:00+06:00,send_money,h21_1,350,1000,0
u21,2026-04-12T08:00:00+06:00,send_money,h21_0,350,650,0
u21,2026-04-14T15:00:00+06:00,merchant_payment,h21_1,200,300,0
u21,2026-04-17T03:00:00+06:00,send_money,h21_1,100,100,0
u21,2026-04-18T04:00:00+06:00,receive,h21_1,500,0,
u21,2026-04-18T17:00:00+06:00,receive,h21_1,2000,500,
u21,2026-04-19T06:00:00+06:00,mobile_recharge,h21_1,1000,2500,0
u21,2026-04-21T07:00:00+06:00,mobile_recharge,h21_0,800,1500,0
u21,2026-04-22T14:00:00+06:00,send_money,h21_3,200,700,0
u21,2026-04-23T06:00:00+06:00,receive,h21_2,1000,500,
u21,2026-04-25T01:00:00+06:00,send_money,x821230,1500,1500,1
u21,2026-04-30T06:00:00+06:00,receive,h21_1,3000,0,
u21,2026-05-02T08:00:00+06:00,merchant_payment,h21_0,500,3000,0
u21,2026-05-04T11:00:00+06:00,merchant_payment,h21_3,500,2500,0
u21,2026-05-06T06:00:00+06:00,send_money,h21_2,800,2000,0
u22,2026-03-04T06:00:00+06:00,mobile_recharge,h22_0,1000,11812,0
u22,2026-03-05T08:00:00+06:00,merchant_payment,h22_2,350,10812,0
u22,2026-03-06T07:00:00+06:00,send_money,h22_3,200,10462,0
u22,2026-03-07T16:00:00+06:00,merchant_payment,h22_2,1000,10262,0
u22,2026-03-09T19:00:00+06:00,merchant_payment,h22_1,200,9262,0
u22,2026-03-10T18:00:00+06:00,mobile_recharge,h22_3,800,9062,0
u22,2026-03-11T05:00:00+06:00,merchant_payment,h22_0,200,8262,0
u22,2026-03-13T16:00:00+06:00,mobile_recharge,h22_2,500,8062,0
u22,2026-03-14T11:00:00+06:00,mobile_recharge,h22_3,1000,7562,0
u22,2026-03-15T22:00:00+06:00,send_money,h22_3,200,6562,0
u22,2026-03-18T03:00:00+06:00,send_money,h22_2,200,6362,0
u22,2026-03-19T07:00:00+06:00,send_money,h22_1,500,6162,0
u22,2026-03-20T17:00:00+06:00,merchant_payment,h22_0,350,5662,0
u22,2026-03-22T13:00:00+06:00,send_money,h22_2,500,5312,0
u22,2026-03-23T03:00:00+06:00,mobile_recharge,h22_1,1000,4812,0
u22,2026-03-24T06:00:00+06:00,receive,h22_3,1000,3812,
u22,2026-03-26T18:00:00+06:00,send_money,h22_0,350,4812,0
u22,2026-03-28T15:00:00+06:00,merchant_payment,h22_0,800,4462,0
u22,2026-03-29T10:00:00+06:00,receive,h22_2,3000,3662,
u22,2026-03-31T11:00:00+06:00,receive,h22_1,3000,6662,
u22,2026-04-02T10:00:00+06:00,send_money,h22_1,500,9662,0
u22,2026-04-04T01:00:00+06:00,send_money,h22_3,350,9162,0
u22,2026-04-05T13:00:00+06:00,merchant_payment,h22_2,200,8812,0
u22,2026-04-07T19:00:00+06:00,mobile_recharge,h22_2,200,8612,0
u22,2026-04-09T01:00:00+06:00,mobile_recharge,h22_1,800,8412,0
u22,2026-04-10T04:00:00+06:00,mobile_recharge,h22_2,200,7612,0
u22,2026-04-10T23:00:00+06:00,mobile_recharge,h22_3,500,7412,0
u22,2026-04-12T11:00:00+06:00,send_money,h22_1,500,6912,0
u22,2026-04-14T07:00:00+06:00,receive,h22_1,2000,6412,
u22,2026-04-16T01:00:00+06:00,send_money,x219819,8412,8412,1
u22,2026-04-16T20:00:00+06:00,receive,h22_1,500,0,
u22,2026-04-18T20:00:00+06:00,receive,h22_0,2000,500,
u22,2026-04-19T14:00:00+06:00,send_money,h22_0,500,2500,0
u22,2026-04-20T23:00:00+06:00,receive,h22_2,2000,2000,
u22,2026-04-22T17:00:00+06:00,send_money,h22_2,1000,4000,0
u22,2026-04-22T23:00:00+06:00,send_money,h22_1,200,3000,0
u22,2026-04-23T12:00:00+06:00,merchant_payment,h22_2,800,2800,0
u22,2026-04-25T14:00:00+06:00,receive,h22_0,3000,2000,
u22,2026-04-28T01:00:00+06:00,mobile_recharge,h22_1,800,5000,0
u22,2026-04-30T01:00:00+06:00,receive,h22_0,500,4200,
u22,2026-05-01T10:00:00+06:00,mobile_recharge,h22_1,500,4700,0
u22,2026-05-03T03:00:00+06:00,receive,h22_2,2000,4200,
u22,2026-05-04T19:00:00+06:00,receive,h22_1,1000,6200,
u22,2026-05-05T10:00:00+06:00,receive,h22_1,500,7200,
u22,2026-05-06T11:00:00+06:00,merchant_payment,h22_3,800,7700,0
u23,2026-03-03T16:00:00+06:00,receive,h23_1,1000,3495,
u23,2026-03-05T22:00:00+06:00,receive,h23_1,2000,4495,
u23,2026-03-08T05:00:00+06:00,receive,h23_3,3000,6495,
u23,2026-03-09T14:00:00+06:00,merchant_payment,h23_1,200,9495,0
u23,2026-03-11T04:00:00+06:00,receive,h23_1,500,9295,
u23,2026-03-11T22:00:00+06:00,receive,h23_2,500,9795,
u23,2026-03-14T04:00:00+06:00,receive,h23_3,500,10295,
u23,2026-03-16T10:00:00+06:00,send_money,h23_3,350,10795,0
u23,2026-03-17T03:00:00+06:00,merchant_payment,h23_0,1000,10445,0
u23,2026-03-17T19:00:00+06:00,mobile_recharge,h23_1,200,9445,0
u23,2026-03-19T09:00:00+06:00,receive,h23_0,500,9245,
u23,2026-03-21T00:00:00+06:00,send_money,h23_3,350,9745,0
u23,2026-03-23T00:00:00+06:00,receive,h23_3,2000,9395,
u23,2026-03-23T11:00:00+06:00,receive,h23_0,3000,11395,
u23,2026-03-25T13:00:00+06:00,receive,h23_0,3000,14395,
u23,2026-03-26T07:00:00+06:00,mobile_recharge,h23_2,500,17395,0
u23,2026-03-27T04:00:00+06:00,merchant_payment,h23_1,200,16895,0
u23,2026-03-28T12:00:00+06:00,send_money,h23_1,200,16695,0
u23,2026-03-28T21:00:00+06:00,merchant_payment,h23_0,800,16495,0
u23,2026-03-29T19:00:00+06:00,receive,h23_3,3000,15695,
u23,2026-03-30T19:00:00+06:00,receive,h23_1,3000,18695,
u23,2026-03-31T10:00:00+06:00,receive,h23_1,3000,21695,
u23,2026-04-02T10:00:00+06:00,send_money,h23_0,200,24695,0
u23,2026-04-04T03:00:00+06:00,send_money,x364877,5794,24495,1
u23,2026-04-06T21:00:00+06:00,merchant_payment,h23_2,350,18701,0
u23,2026-04-08T07:00:00+06:00,receive,h23_0,1000,18351,
u23,2026-04-09T23:00:00+06:00,send_money,h23_1,500,19351,0
u23,2026-04-10T12:00:00+06:00,send_money,h23_1,200,18851,0
u23,2026-04-10T20:00:00+06:00,mobile_recharge,h23_2,1000,18651,0
u23,2026-04-13T08:00:00+06:00,send_money,h23_3,1000,17651,0
u23,2026-04-14T09:00:00+06:00,mobile_recharge,h23_2,350,16651,0
u23,2026-04-15T13:00:00+06:00,mobile_recharge,h23_1,1000,16301,0
u23,2026-04-17T13:00:00+06:00,send_money,h23_3,800,15301,0
u23,2026-04-17T21:00:00+06:00,merchant_payment,h23_3,500,14501,0
u23,2026-04-18T18:00:00+06:00,mobile_recharge,h23_3,1000,14001,0
u23,2026-04-19T18:00:00+06:00,mobile_recharge,h23_2,800,13001,0
u23,2026-04-21T22:00:00+06:00,merchant_payment,h23_2,500,12201,0
u23,2026-04-23T03:00:00+06:00,receive,h23_1,2000,11701,
u23,2026-04-25T13:00:00+06:00,receive,h23_2,3000,13701,
u23,2026-04-27T01:00:00+06:00,send_money,x358366,8908,16701,1
u23,2026-04-28T19:00:00+06:00,receive,h23_1,2000,7793,
u23,2026-04-29T22:00:00+06:00,send_money,h23_1,800,9793,0
u23,2026-05-01T03:00:00+06:00,receive,h23_0,3000,8993,
u23,2026-05-03T06:00:00+06:00,receive,h23_3,2000,11993,
u23,2026-05-04T16:00:00+06:00,send_money,h23_1,350,13993,0
u24,2026-03-02T11:00:00+06:00,send_money,h24_2,200,14541,0
u24,2026-03-02T20:00:00+06:00,send_money,h24_2,1000,14341,0
u24,2026-03-03T09:00:00+06:00,mobile_recharge,h24_3,1000,13341,0
u24,2026-03-03T16:00:00+06:00,send_money,h24_0,500,12341,0
u24,2026-03-05T22:00:00+06:00,send_money,h24_0,1000,11841,0
u24,2026-03-06T17:00:00+06:00,receive,h24_2,1000,10841,
u24,2026-03-07T05:00:00+06:00,receive,h24_1,1000,11841,
u24,2026-03-08T17:00:00+06:00,send_money,h24_2,200,12841,0
u24,2026-03-10T11:00:00+06:00,merchant_payment,h24_0,1000,12641,0
u24,2026-03-11T00:00:00+06:00,receive,h24_2,3000,11641,
u24,2026-03-12T02:00:00+06:00,send_money,x121638,8438,14641,1
u24,2026-03-13T15:00:00+06:00,receive,h24_1,3000,6203,
u24,2026-03-14T18:00:00+06:00,mobile_recharge,h24_0,1000,9203,0
u24,2026-03-15T17:00:00+06:00,send_money,h24_3,200,8203,0
u24,2026-03-17T17:00:00+06:00,merchant_payment,h24_1,1000,8003,0
u24,2026-03-19T10:00:00+06:00,merchant_payment,h24_0,500,7003,0
u24,2026-03-19T21:00:00+06:00,send_money,h24_0,200,6503,0
u24,2026-03-20T08:00:00+06:00,receive,h24_3,500,6303,
u24,2026-03-21T16:00:00+06:00,mobile_recharge,h24_2,1000,6803,0
u24,2026-03-23T19:00:00+06:00,receive,h24_0,3000,5803,
u24,2026-03-25T00:00:00+06:00,mobile_recharge,h24_1,800,8803,0
u24,2026-03-27T12:00:00+06:00,send_money,h24_2,500,8003,0
u24,2026-03-29T09:00:00+06:00,mobile_recharge,h24_0,500,7503,0
u24,2026-03-29T23:00:00+06:00,merchant_payment,h24_2,350,7003,0
u24,2026-03-30T06:00:00+06:00,send_money,h24_3,200,6653,0
u24,2026-04-01T06:00:00+06:00,receive,h24_2,3000,6453,
u24,2026-04-02T13:00:00+06:00,mobile_recharge,h24_3,350,9453,0
u24,2026-04-04T02:00:00+06:00,send_money,x930533,8255,9103,1
u24,2026-04-07T23:00:00+06:00,send_money,x839758,848,848,1
u24,2026-04-08T16:00:00+06:00,receive,h24_1,1000,0,
u24,2026-04-09T14:00:00+06:00,mobile_recharge,h24_1,1000,1000,0
u24,2026-04-18T14:00:00+06:00,receive,h24_1,3000,0,
u24,2026-04-19T07:00:00+06:00,receive,h24_0,2000,3000,
u24,2026-04-19T01:00:00+06:00,send_money,x23559,5000,5000,1
u24,2026-04-22T01:00:00+06:00,receive,h24_2,1000,0,
u24,2026-04-24T01:00:00+06:00,merchant_payment,h24_0,350,1000,0
u24,2026-04-25T21:00:00+06:00,mobile_recharge,h24_0,200,650,0
u24,2026-04-26T17:00:00+06:00,send_money,h24_3,450,450,0
u25,2026-03-04T07:00:00+06:00,merchant_payment,h25_1,500,12213,0
u25,2026-03-04T15:00:00+06:00,receive,h25_3,1000,11713,
u25,2026-03-06T23:00:00+06:00,mobile_recharge,h25_3,200,12713,0
u25,2026-03-08T06:00:00+06:00,receive,h25_3,2000,12513,
u25,2026-03-10T10:00:00+06:00,send_money,h25_1,1000,14513,0
u25,2026-03-11T19:00:00+06:00,send_money,h25_1,350,13513,0
u25,2026-03-12T23:00:00+06:00,mobile_recharge,h25_2,500,13163,0
u25,2026-03-14T21:00:00+06:00,receive,h25_3,2000,12663,
u25,2026-03-16T16:00:00+06:00,mobile_recharge,h25_3,200,14663,0
u25,2026-03-17T14:00:00+06:00,mobile_recharge,h25_1,350,14463,0
u25,2026-03-19T15:00:00+06:00,merchant_payment,h25_3,800,14113,0
u25,2026-03-22T02:00:00+06:00,send_money,h25_1,200,13313,0
u25,2026-03-23T10:00:00+06:00,receive,h25_2,1000,13113,
u25,2026-03-24T06:00:00+06:00,send_money,h25_2,350,14113,0
u25,2026-03-24T23:00:00+06:00,send_money,h25_1,800,13763,0
u25,2026-03-26T09:00:00+06:00,send_money,h25_0,200,12963,0
u25,2026-03-27T19:00:00+06:00,receive,h25_3,500,12763,
u25,2026-03-28T14:00:00+06:00,send_money,h25_1,1000,13263,0
u25,2026-03-30T13:00:00+06:00,mobile_recharge,h25_0,350,12263,0
u25,2026-03-31T04:00:00+06:00,send_money,h25_0,200,11913,0
u25,2026-03-31T22:00:00+06:00,receive,h25_2,500,11713,
u25,2026-04-01T20:00:00+06:00,send_money,h25_1,500,12213,0
u25,2026-04-02T21:00:00+06:00,send_money,h25_1,800,11713,0
u25,2026-04-05T03:00:00+06:00,receive,h25_0,500,10913,
u25,2026-04-06T06:00:00+06:00,send_money,h25_3,200,11413,0
u25,2026-04-07T01:00:00+06:00,merchant_payment,h25_3,800,11213,0
u25,2026-04-07T23:00:00+06:00,send_money,x709657,10161,10413,1
u25,2026-04-09T16:00:00+06:00,send_money,h25_3,252,252,0
u25,2026-04-13T19:00:00+06:00,receive,h25_0,1000,0,
u25,2026-04-14T06:00:00+06:00,send_money,h25_3,200,1000,0
u25,2026-04-15T04:00:00+06:00,send_money,h25_1,800,800,0
u25,2026-04-18T05:00:00+06:00,receive,h25_0,2000,0,
u25,2026-04-19T11:00:00+06:00,send_money,h25_1,500,2000,0
u25,2026-04-20T01:00:00+06:00,receive,h25_2,500,1500,
u25,2026-04-20T09:00:00+06:00,send_money,h25_1,200,2000,0
u25,2026-04-22T13:00:00+06:00,mobile_recharge,h25_2,200,1800,0
u25,2026-04-24T16:00:00+06:00,receive,h25_3,3000,1600,
u25,2026-04-25T05:00:00+06:00,receive,h25_2,3000,4600,
u25,2026-04-26T18:00:00+06:00,merchant_payment,h25_3,350,7600,0
u25,2026-04-27T12:00:00+06:00,mobile_recharge,h25_3,800,7250,0
u25,2026-04-29T23:00:00+06:00,receive,h25_3,500,6450,
u25,2026-04-30T21:00:00+06:00,mobile_recharge,h25_3,800,6950,0
u25,2026-05-02T02:00:00+06:00,receive,h25_3,1000,6150,
u26,2026-03-04T13:00:00+06:00,receive,h26_3,500,7871,
u26,2026-03-05T00:00:00+06:00,receive,h26_2,3000,8371,
u26,2026-03-06T19:00:00+06:00,merchant_payment,h26_0,200,11371,0
u26,2026-03-07T20:00:00+06:00,send_money,h26_3,500,11171,0
u26,2026-03-10T02:00:00+06:00,send_money,x528239,6644,10671,1
u26,2026-03-12T03:00:00+06:00,receive,h26_1,500,4027,
u26,2026-03-13T23:00:00+06:00,mobile_recharge,h26_3,800,4527,0
u26,2026-03-15T18:00:00+06:00,receive,h26_0,500,3727,
u26,2026-03-17T10:00:00+06:00,send_money,h26_0,200,4227,0
u26,2026-03-18T19:00:00+06:00,receive,h26_2,1000,4027,
u26,2026-03-20T20:00:00+06:00,mobile_recharge,h26_3,200,5027,0
u26,2026-03-22T07:00:00+06:00,send_money,h26_2,1000,4827,0
u26,2026-03-22T19:00:00+06:00,send_money,h26_1,500,3827,0
u26,2026-03-23T21:00:00+06:00,send_money,h26_2,500,3327,0
u26,2026-03-25T05:00:00+06:00,merchant_payment,h26_1,800,2827,0
u26,2026-03-26T03:00:00+06:00,send_money,h26_1,350,2027,0
u26,2026-03-28T03:00:00+06:00,send_money,x905247,1677,1677,1
u26,2026-04-09T15:00:00+06:00,receive,h26_3,1000,0,
u26,2026-04-10T18:00:00+06:00,send_money,h26_1,1000,1000,0
u26,2026-04-14T05:00:00+06:00,receive,h26_3,500,0,
u26,2026-04-15T23:00:00+06:00,send_money,x824557,500,500,1
u26,2026-04-17T08:00:00+06:00,receive,h26_0,3000,0,
u26,2026-04-18T05:00:00+06:00,send_money,h26_0,500,3000,0
u26,2026-04-20T16:00:00+06:00,receive,h26_3,500,2500,
u26,2026-04-22T09:00:00+06:00,receive,h26_1,3000,3000,
u26,2026-04-24T01:00:00+06:00,send_money,h26_1,350,6000,0
u26,2026-04-26T04:00:00+06:00,merchant_payment,h26_2,1000,5650,0
u26,2026-04-26T22:00:00+06:00,mobile_recharge,h26_2,200,4650,0
u26,2026-04-28T12:00:00+06:00,receive,h26_2,2000,4450,
u26,2026-04-30T15:00:00+06:00,merchant_payment,h26_2,500,6450,0
u26,2026-05-02T22:00:00+06:00,mobile_recharge,h26_3,1000,5950,0
u26,2026-05-03T11:00:00+06:00,send_money,h26_0,350,4950,0
u26,2026-05-04T06:00:00+06:00,receive,h26_2,3000,4600,
u26,2026-05-05T00:00:00+06:00,send_money,h26_3,800,7600,0
u26,2026-05-06T22:00:00+06:00,merchant_payment,h26_0,350,6800,0
u27,2026-03-02T23:00:00+06:00,receive,h27_3,3000,5490,
u27,2026-03-04T13:00:00+06:00,merchant_payment,h27_1,200,8490,0
u27,2026-03-05T10:00:00+06:00,send_money,h27_3,800,8290,0
u27,2026-03-07T01:00:00+06:00,send_money,x636292,7490,7490,1
u27,2026-03-08T03:00:00+06:00,receive,h27_0,500,0,
u27,2026-03-08T15:00:00+06:00,mobile_recharge,h27_3,500,500,0
u27,2026-03-11T02:00:00+06:00,receive,h27_2,3000,0,
u27,2026-03-11T08:00:00+06:00,send_money,h27_3,1000,3000,0
u27,2026-03-12T21:00:00+06:00,merchant_payment,h27_3,200,2000,0
u27,2026-03-14T21:00:00+06:00,receive,h27_0,3000,1800,
u27,2026-03-15T10:00:00+06:00,merchant_payment,h27_2,200,4800,0
u27,2026-03-17T10:00:00+06:00,send_money,h27_0,800,4600,0
u27,2026-03-18T14:00:00+06:00,send_money,h27_2,1000,3800,0
u27,2026-03-19T17:00:00+06:00,send_money,h27_3,1000,2800,0
u27,2026-03-21T02:00:00+06:00,merchant_payment,h27_1,1000,1800,0
u27,2026-03-22T03:00:00+06:00,send_money,h27_2,200,800,0
u27,2026-03-23T05:00:00+06:00,send_money,h27_1,200,600,0
u27,2026-03-25T14:00:00+06:00,mobile_recharge,h27_1,400,400,0
u27,2026-04-05T19:00:00+06:00,receive,h27_2,1000,0,
u27,2026-04-07T11:00:00+06:00,send_money,h27_0,800,1000,0
u27,2026-04-09T00:00:00+06:00,mobile_recharge,h27_1,200,200,0
u27,2026-04-14T19:00:00+06:00,receive,h27_0,500,0,
u27,2026-04-15T13:00:00+06:00,send_money,h27_2,500,500,0
u27,2026-04-19T04:00:00+06:00,receive,h27_3,2000,0,
u27,2026-04-19T21:00:00+06:00,receive,h27_0,500,2000,
u27,2026-04-20T08:00:00+06:00,merchant_payment,h27_1,350,2500,0
u27,2026-04-22T08:00:00+06:00,receive,h27_3,3000,2150,
u27,2026-04-22T21:00:00+06:00,receive,h27_1,2000,5150,
u27,2026-04-23T18:00:00+06:00,mobile_recharge,h27_2,800,7150,0
u27,2026-04-25T20:00:00+06:00,merchant_payment,h27_0,500,6350,0
u27,2026-04-26T20:00:00+06:00,merchant_payment,h27_3,500,5850,0
u27,2026-04-27T20:00:00+06:00,receive,h27_2,3000,5350,
u27,2026-04-29T02:00:00+06:00,send_money,h27_0,800,8350,0
u27,2026-04-30T20:00:00+06:00,merchant_payment,h27_3,500,7550,0
u27,2026-05-01T08:00:00+06:00,receive,h27_3,1000,7050,
u28,2026-03-02T21:00:00+06:00,send_money,h28_2,800,9252,0
u28,2026-03-04T14:00:00+06:00,mobile_recharge,h28_3,350,8452,0
u28,2026-03-05T22:00:00+06:00,mobile_recharge,h28_3,800,8102,0
u28,2026-03-08T05:00:00+06:00,mobile_recharge,h28_1,350,7302,0
u28,2026-03-10T01:00:00+06:00,send_money,x287974,6952,6952,1
u28,2026-03-16T07:00:00+06:00,receive,h28_2,500,0,
u28,2026-03-17T22:00:00+06:00,receive,h28_3,3000,500,
u28,2026-03-19T22:00:00+06:00,merchant_payment,h28_1,350,3500,0
u28,2026-03-21T01:00:00+06:00,send_money,h28_3,800,3150,0
u28,2026-03-22T14:00:00+06:00,send_money,h28_0,350,2350,0
u28,2026-03-23T02:00:00+06:00,send_money,x247869,2000,2000,1
u28,2026-03-29T18:00:00+06:00,receive,h28_2,3000,0,
u28,2026-04-01T00:00:00+06:00,send_money,h28_3,1000,3000,0
u28,2026-04-01T18:00:00+06:00,send_money,h28_2,1000,2000,0
u28,2026-04-03T16:00:00+06:00,mobile_recharge,h28_3,350,1000,0
u28,2026-04-03T22:00:00+06:00,receive,h28_2,3000,650,
u28,2026-04-04T23:00:00+06:00,send_money,h28_1,500,3650,0
u28,2026-04-07T03:00:00+06:00,mobile_recharge,h28_3,1000,3150,0
u28,2026-04-09T13:00:00+06:00,send_money,h28_0,200,2150,0
u28,2026-04-11T08:00:00+06:00,send_money,h28_2,800,1950,0
u28,2026-04-12T17:00:00+06:00,send_money,h28_1,800,1150,0
u28,2026-04-14T05:00:00+06:00,mobile_recharge,h28_3,200,350,0
u28,2026-04-15T05:00:00+06:00,send_money,h28_3,150,150,0
u28,2026-04-17T08:00:00+06:00,receive,h28_2,2000,0,
u28,2026-04-19T12:00:00+06:00,receive,h28_1,1000,2000,
u28,2026-04-20T20:00:00+06:00,mobile_recharge,h28_1,200,3000,0
u28,2026-04-21T18:00:00+06:00,mobile_recharge,h28_3,500,2800,0
u28,2026-04-22T16:00:00+06:00,mobile_recharge,h28_0,350,2300,0
u28,2026-04-23T12:00:00+06:00,mobile_recharge,h28_3,500,1950,0
u28,2026-04-23T19:00:00+06:00,mobile_recharge,h28_2,200,1450,0
u28,2026-04-24T09:00:00+06:00,receive,h28_2,500,1250,
u28,2026-04-25T12:00:00+06:00,receive,h28_3,1000,1750,
u28,2026-04-26T10:00:00+06:00,receive,h28_3,3000,2750,
u28,2026-04-27T11:00:00+06:00,merchant_payment,h28_0,500,5750,0
u28,2026-04-29T08:00:00+06:00,mobile_recharge,h28_3,800,5250,0
u29,2026-03-02T22:00:00+06:00,send_money,h29_1,350,7394,0
u29,2026-03-03T16:00:00+06:00,merchant_payment,h29_3,500,7044,0
u29,2026-03-04T21:00:00+06:00,merchant_payment,h29_1,800,6544,0
u29,2026-03-05T15:00:00+06:00,receive,h29_0,2000,5744,
u29,2026-03-06T02:00:00+06:00,send_money,h29_1,1000,7744,0
u29,2026-03-08T10:00:00+06:00,send_money,h29_1,800,6744,0
u29,2026-03-09T11:00:00+06:00,receive,h29_3,2000,5944,
u29,2026-03-09T22:00:00+06:00,mobile_recharge,h29_3,350,7944,0
u29,2026-03-10T05:00:00+06:00,send_money,h29_1,350,7594,0
u29,2026-03-12T07:00:00+06:00,send_money,h29_1,1000,7244,0
u29,2026-03-13T10:00:00+06:00,send_money,h29_2,500,6244,0
u29,2026-03-14T18:00:00+06:00,receive,h29_2,500,5744,
u29,2026-03-16T16:00:00+06:00,mobile_recharge,h29_3,500,6244,0
u29,2026-03-17T17:00:00+06:00,send_money,h29_1,800,5744,0
u29,2026-03-18T04:00:00+06:00,receive,h29_3,2000,4944,
u29,2026-03-18T22:00:00+06:00,send_money,h29_0,1000,6944,0
u29,2026-03-20T18:00:00+06:00,receive,h29_3,3000,5944,
u29,2026-03-22T14:00:00+06:00,mobile_recharge,h29_0,800,8944,0
u29,2026-03-24T05:00:00+06:00,receive,h29_3,1000,8144,
u29,2026-03-25T00:00:00+06:00,mobile_recharge,h29_1,200,9144,0
u29,2026-03-25T14:00:00+06:00,merchant_payment,h29_0,800,8944,0
u29,2026-03-27T16:00:00+06:00,receive,h29_3,500,8144,
u29,2026-03-29T11:00:00+06:00,send_money,h29_0,800,8644,0
u29,2026-03-31T00:00:00+06:00,merchant_payment,h29_3,350,7844,0
u29,2026-03-31T23:00:00+06:00,send_money,h29_3,500,7494,0
u29,2026-04-03T11:00:00+06:00,send_money,h29_1,350,6994,0
u29,2026-04-03T22:00:00+06:00,merchant_payment,h29_0,200,6644,0
u29,2026-04-04T15:00:00+06:00,receive,h29_3,3000,6444,
u29,2026-04-06T15:00:00+06:00,send_money,h29_3,500,9444,0
u29,2026-04-07T06:00:00+06:00,send_money,h29_3,350,8944,0
u29,2026-04-08T10:00:00+06:00,send_money,h29_2,200,8594,0
u29,2026-04-09T20:00:00+06:00,receive,h29_1,2000,8394,
u29,2026-04-11T21:00:00+06:00,merchant_payment,h29_0,800,10394,0
u29,2026-04-13T15:00:00+06:00,receive,h29_3,2000,9594,
u29,2026-04-15T13:00:00+06:00,merchant_payment,h29_2,1000,11594,0
u29,2026-04-16T04:00:00+06:00,send_money,h29_0,800,10594,0
u29,2026-04-17T06:00:00+06:00,send_money,h29_3,350,9794,0
u29,2026-04-18T11:00:00+06:00,receive,h29_1,500,9444,
u29,2026-04-18T20:00:00+06:00,send_money,h29_3,500,9944,0
u29,2026-04-19T17:00:00+06:00,merchant_payment,h29_2,800,9444,0
u29,2026-04-20T23:00:00+06:00,receive,h29_2,1000,8644,
u29,2026-04-21T12:00:00+06:00,send_money,h29_3,350,9644,0
u29,2026-04-22T23:00:00+06:00,send_money,x697988,9294,9294,1
u30,2026-03-03T01:00:00+06:00,send_money,h30_3,1000,17402,0
u30,2026-03-05T05:00:00+06:00,send_money,h30_0,500,16402,0
u30,2026-03-05T18:00:00+06:00,mobile_recharge,h30_1,1000,15902,0
u30,2026-03-08T05:00:00+06:00,receive,h30_2,500,14902,
u30,2026-03-09T22:00:00+06:00,receive,h30_1,2000,15402,
u30,2026-03-11T12:00:00+06:00,send_money,h30_2,800,17402,0
u30,2026-03-12T12:00:00+06:00,send_money,h30_1,1000,16602,0
u30,2026-03-13T22:00:00+06:00,receive,h30_2,1000,15602,
u30,2026-03-14T15:00:00+06:00,merchant_payment,h30_3,800,16602,0
u30,2026-03-15T06:00:00+06:00,send_money,h30_3,500,15802,0
u30,2026-03-16T21:00:00+06:00,send_money,h30_2,350,15302,0
u30,2026-03-18T02:00:00+06:00,send_money,h30_1,350,14952,0
u30,2026-03-20T01:00:00+06:00,merchant_payment,h30_2,200,14602,0
u30,2026-03-20T18:00:00+06:00,receive,h30_0,2000,14402,
u30,2026-03-21T13:00:00+06:00,receive,h30_3,2000,16402,
u30,2026-03-22T15:00:00+06:00,send_money,h30_2,500,18402,0
u30,2026-03-24T17:00:00+06:00,send_money,h30_0,1000,17902,0
u30,2026-03-25T00:00:00+06:00,receive,h30_0,2000,16902,
u30,2026-03-27T10:00:00+06:00,merchant_payment,h30_1,350,18902,0
u30,2026-03-29T02:00:00+06:00,mobile_recharge,h30_0,500,18552,0
u30,2026-03-31T14:00:00+06:00,mobile_recharge,h30_2,1000,18052,0
u30,2026-04-02T17:00:00+06:00,receive,h30_2,1000,17052,
u30,2026-04-03T17:00:00+06:00,send_money,h30_1,200,18052,0
u30,2026-04-05T14:00:00+06:00,mobile_recharge,h30_3,500,17852,0
u30,2026-04-06T11:00:00+06:00,send_money,h30_2,350,17352,0
u30,2026-04-08T04:00:00+06:00,receive,h30_2,1000,17002,
u30,2026-04-09T18:00:00+06:00,merchant_payment,h30_3,1000,18002,0
u30,2026-04-10T10:00:00+06:00,receive,h30_0,500,17002,
u30,2026-04-12T09:00:00+06:00,send_money,h30_0,350,17502,0
u30,2026-04-13T10:00:00+06:00,send_money,h30_0,1000,17152,0
u30,2026-04-15T18:00:00+06:00,send_money,h30_2,500,16152,0
u30,2026-04-16T08:00:00+06:00,mobile_recharge,h30_1,350,15652,0
u30,2026-04-17T14:00:00+06:00,receive,h30_1,2000,15302,
u30,2026-04-18T21:00:00+06:00,merchant_payment,h30_2,1000,17302,0
u30,2026-04-21T02:00:00+06:00,mobile_recharge,h30_0,1000,16302,0
u30,2026-04-22T23:00:00+06:00,receive,h30_2,2000,15302,
u30,2026-04-24T07:00:00+06:00,receive,h30_0,500,17302,
u30,2026-04-25T00:00:00+06:00,send_money,h30_2,500,17802,0
u30,2026-04-25T15:00:00+06:00,mobile_recharge,h30_0,500,17302,0
u30,2026-04-26T18:00:00+06:00,send_money,h30_3,800,16802,0
u30,2026-04-27T21:00:00+06:00,send_money,h30_0,500,16002,0
u30,2026-04-29T01:00:00+06:00,mobile_recharge,h30_2,1000,15502,0
u30,2026-04-30T11:00:00+06:00,send_money,h30_2,200,14502,0
u30,2026-05-02T03:00:00+06:00,send_money,x580890,11839,14302,1
u30,2026-05-03T04:00:00+06:00,send_money,h30_0,350,2463,0
u31,2026-03-03T18:00:00+06:00,send_money,h31_0,350,6372,0
u31,2026-03-04T14:00:00+06:00,receive,h31_1,1000,6022,
u31,2026-03-05T20:00:00+06:00,merchant_payment,h31_1,1000,7022,0
u31,2026-03-07T02:00:00+06:00,send_money,x713458,6022,6022,1
u31,2026-03-13T09:00:00+06:00,receive,h31_2,3000,0,
u31,2026-03-14T05:00:00+06:00,merchant_payment,h31_0,800,3000,0
u31,2026-03-16T00:00:00+06:00,send_money,h31_2,800,2200,0
u31,2026-03-18T10:00:00+06:00,merchant_payment,h31_2,350,1400,0
u31,2026-03-20T10:00:00+06:00,send_money,h31_1,350,1050,0
u31,2026-03-21T13:00:00+06:00,receive,h31_2,2000,700,
u31,2026-03-21T22:00:00+06:00,receive,h31_2,3000,2700,
u31,2026-03-23T23:00:00+06:00,send_money,h31_2,1000,5700,0
u31,2026-03-25T11:00:00+06:00,send_money,h31_3,200,4700,0
u31,2026-03-26T22:00:00+06:00,send_money,h31_0,800,4500,0
u31,2026-03-27T18:00:00+06:00,send_money,h31_0,500,3700,0
u31,2026-03-29T13:00:00+06:00,mobile_recharge,h31_0,500,3200,0
u31,2026-03-31T16:00:00+06:00,send_money,h31_1,200,2700,0
u31,2026-04-02T03:00:00+06:00,send_money,h31_1,1000,2500,0
u31,2026-04-02T09:00:00+06:00,mobile_recharge,h31_2,500,1500,0
u31,2026-04-04T01:00:00+06:00,receive,h31_2,2000,1000,
u31,2026-04-04T11:00:00+06:00,mobile_recharge,h31_3,1000,3000,0
u31,2026-04-06T21:00:00+06:00,mobile_recharge,h31_0,500,2000,0
u31,2026-04-07T04:00:00+06:00,merchant_payment,h31_1,1000,1500,0
u31,2026-04-07T16:00:00+06:00,send_money,h31_2,500,500,0
u31,2026-04-13T00:00:00+06:00,receive,h31_2,3000,0,
u31,2026-04-14T09:00:00+06:00,receive,h31_1,500,3000,
u31,2026-04-14T23:00:00+06:00,send_money,h31_1,200,3500,0
u31,2026-04-16T19:00:00+06:00,mobile_recharge,h31_0,800,3300,0
u31,2026-04-17T16:00:00+06:00,receive,h31_3,500,2500,
u31,2026-04-18T11:00:00+06:00,send_money,h31_1,200,3000,0
u31,2026-04-19T07:00:00+06:00,receive,h31_2,500,2800,
u31,2026-04-20T16:00:00+06:00,merchant_payment,h31_1,800,3300,0
u31,2026-04-22T18:00:00+06:00,receive,h31_3,3000,2500,
u31,2026-04-23T11:00:00+06:00,merchant_payment,h31_0,800,5500,0
u31,2026-04-23T23:00:00+06:00,receive,h31_2,1000,4700,
u31,2026-04-26T11:00:00+06:00,receive,h31_3,3000,5700,
u31,2026-04-27T23:00:00+06:00,send_money,h31_3,800,8700,0
u32,2026-03-03T20:00:00+06:00,receive,h32_2,1000,18192,
u32,2026-03-05T01:00:00+06:00,receive,h32_1,1000,19192,
u32,2026-03-06T11:00:00+06:00,merchant_payment,h32_3,1000,20192,0
u32,2026-03-07T20:00:00+06:00,send_money,h32_1,350,19192,0
u32,2026-03-09T00:00:00+06:00,send_money,h32_0,500,18842,0
u32,2026-03-10T12:00:00+06:00,receive,h32_3,3000,18342,
u32,2026-03-10T18:00:00+06:00,send_money,h32_3,350,21342,0
u32,2026-03-12T09:00:00+06:00,mobile_recharge,h32_2,800,20992,0
u32,2026-03-13T04:00:00+06:00,send_money,h32_2,350,20192,0
u32,2026-03-14T01:00:00+06:00,mobile_recharge,h32_0,200,19842,0
u32,2026-03-14T07:00:00+06:00,merchant_payment,h32_0,200,19642,0
u32,2026-03-15T22:00:00+06:00,merchant_payment,h32_2,200,19442,0
u32,2026-03-16T13:00:00+06:00,mobile_recharge,h32_3,500,19242,0
u32,2026-03-18T20:00:00+06:00,mobile_recharge,h32_0,500,18742,0
u32,2026-03-20T00:00:00+06:00,receive,h32_3,500,18242,
u32,2026-03-22T10:00:00+06:00,send_money,h32_0,800,18742,0
u32,2026-03-24T18:00:00+06:00,send_money,h32_3,200,17942,0
u32,2026-03-26T01:00:00+06:00,send_money,h32_2,1000,17742,0
u32,2026-03-28T03:00:00+06:00,send_money,h32_1,1000,16742,0
u32,2026-03-28T14:00:00+06:00,receive,h32_1,1000,15742,
u32,2026-03-29T07:00:00+06:00,merchant_payment,h32_0,500,16742,0
u32,2026-03-31T07:00:00+06:00,receive,h32_1,3000,16242,
u32,2026-04-02T02:00:00+06:00,send_money,x352914,9773,19242,1
u32,2026-04-03T04:00:00+06:00,send_money,h32_1,500,9469,0
u32,2026-04-05T16:00:00+06:00,merchant_payment,h32_1,800,8969,0
u32,2026-04-06T02:00:00+06:00,receive,h32_2,500,8169,
u32,2026-04-07T18:00:00+06:00,receive,h32_0,500,8669,
u32,2026-04-09T01:00:00+06:00,send_money,x757080,5050,9169,1
u32,2026-04-12T08:00:00+06:00,send_money,h32_3,800,4119,0
u32,2026-04-13T07:00:00+06:00,send_money,h32_2,800,3319,0
u32,2026-04-14T17:00:00+06:00,send_money,h32_0,500,2519,0
u32,2026-04-16T09:00:00+06:00,receive,h32_2,2000,2019,
u32,2026-04-18T08:00:00+06:00,receive,h32_0,1000,4019,
u32,2026-04-18T21:00:00+06:00,send_money,h32_1,200,5019,0
u32,2026-04-20T10:00:00+06:00,receive,h32_2,2000,4819,
u32,2026-04-21T16:00:00+06:00,mobile_recharge,h32_2,350,6819,0
u32,2026-04-22T06:00:00+06:00,send_money,h32_2,350,6469,0
u32,2026-04-23T20:00:00+06:00,send_money,h32_3,200,6119,0
u32,2026-04-24T07:00:00+06:00,send_money,h32_1,800,5919,0
u32,2026-04-24T20:00:00+06:00,mobile_recharge,h32_0,200,5119,0
u32,2026-04-25T13:00:00+06:00,send_money,h32_3,1000,4919,0
u32,2026-04-27T13:00:00+06:00,receive,h32_0,2000,3919,
u32,2026-04-29T20:00:00+06:00,receive,h32_2,3000,5919,
u32,2026-04-30T09:00:00+06:00,receive,h32_2,3000,8919,
u32,2026-05-01T03:00:00+06:00,mobile_recharge,h32_3,350,11919,0
u33,2026-03-02T23:00:00+06:00,mobile_recharge,h33_1,350,15508,0
u33,2026-03-03T14:00:00+06:00,send_money,h33_1,800,15158,0
u33,2026-03-04T09:00:00+06:00,receive,h33_3,1000,14358,
u33,2026-03-04T19:00:00+06:00,send_money,h33_2,200,15358,0
u33,2026-03-05T05:00:00+06:00,send_money,h33_0,200,15158,0
u33,2026-03-05T17:00:00+06:00,mobile_recharge,h33_3,1000,14958,0
u33,2026-03-06T22:00:00+06:00,send_money,h33_3,1000,13958,0
u33,2026-03-09T05:00:00+06:00,send_money,h33_0,500,12958,0
u33,2026-03-10T00:00:00+06:00,receive,h33_3,3000,12458,
u33,2026-03-10T20:00:00+06:00,merchant_payment,h33_0,800,15458,0
u33,2026-03-12T04:00:00+06:00,merchant_payment,h33_3,500,14658,0
u33,2026-03-14T06:00:00+06:00,send_money,h33_2,1000,14158,0
u33,2026-03-16T05:00:00+06:00,send_money,h33_2,500,13158,0
u33,2026-03-17T02:00:00+06:00,send_money,x460682,10274,12658,1
u33,2026-03-18T22:00:00+06:00,send_money,h33_2,800,2384,0
u33,2026-03-20T09:00:00+06:00,receive,h33_2,500,1584,
u33,2026-03-21T09:00:00+06:00,receive,h33_2,2000,2084,
u33,2026-03-23T14:00:00+06:00,send_money,h33_0,350,4084,0
u33,2026-03-24T09:00:00+06:00,send_money,h33_2,800,3734,0
u33,2026-03-26T03:00:00+06:00,send_money,h33_0,1000,2934,0
u33,2026-03-27T06:00:00+06:00,send_money,h33_1,1000,1934,0
u33,2026-03-29T11:00:00+06:00,merchant_payment,h33_3,500,934,0
u33,2026-03-31T01:00:00+06:00,merchant_payment,h33_1,350,434,0
u33,2026-04-01T00:00:00+06:00,receive,h33_1,500,84,
u33,2026-04-02T23:00:00+06:00,send_money,x530083,584,584,1
u33,2026-04-07T01:00:00+06:00,receive,h33_3,500,0,
u33,2026-04-08T06:00:00+06:00,send_money,h33_3,350,500,0
u33,2026-04-10T17:00:00+06:00,receive,h33_3,1000,150,
u33,2026-04-12T13:00:00+06:00,receive,h33_2,3000,1150,
u33,2026-04-14T00:00:00+06:00,receive,h33_2,3000,4150,
u33,2026-04-16T04:00:00+06:00,mobile_recharge,h33_2,200,7150,0
u33,2026-04-18T00:00:00+06:00,send_money,h33_1,350,6950,0
u33,2026-04-19T21:00:00+06:00,merchant_payment,h33_3,350,6600,0
u33,2026-04-20T03:00:00+06:00,receive,h33_2,2000,6250,
u33,2026-04-21T03:00:00+06:00,send_money,h33_2,800,8250,0
u33,2026-04-21T23:00:00+06:00,send_money,h33_2,200,7450,0
u33,2026-04-22T20:00:00+06:00,send_money,h33_3,350,7250,0
u33,2026-04-23T22:00:00+06:00,send_money,h33_1,350,6900,0
u33,2026-04-24T21:00:00+06:00,send_money,h33_3,200,6550,0
u33,2026-04-27T03:00:00+06:00,receive,h33_1,1000,6350,
u33,2026-04-29T08:00:00+06:00,send_money,h33_0,500,7350,0
u33,2026-05-01T07:00:00+06:00,receive,h33_2,3000,6850,
u33,2026-05-01T02:00:00+06:00,send_money,x565584,9850,9850,1
u34,2026-03-02T23:00:00+06:00,receive,h34_1,500,5817,
u34,2026-03-03T21:00:00+06:00,mobile_recharge,h34_0,500,6317,0
u34,2026-03-04T10:00:00+06:00,merchant_payment,h34_3,350,5817,0
u34,2026-03-04T23:00:00+06:00,receive,h34_0,1000,5467,
u34,2026-03-06T20:00:00+06:00,receive,h34_0,500,6467,
u34,2026-03-07T06:00:00+06:00,send_money,h34_2,350,6967,0
u34,2026-03-07T18:00:00+06:00,send_money,h34_0,350,6617,0
u34,2026-03-09T15:00:00+06:00,send_money,h34_0,200,6267,0
u34,2026-03-10T11:00:00+06:00,receive,h34_0,500,6067,
u34,2026-03-12T16:00:00+06:00,receive,h34_3,2000,6567,
u34,2026-03-14T08:00:00+06:00,send_money,h34_0,1000,8567,0
u34,2026-03-14T18:00:00+06:00,merchant_payment,h34_2,800,7567,0
u34,2026-03-16T12:00:00+06:00,send_money,h34_3,350,6767,0
u34,2026-03-18T07:00:00+06:00,send_money,h34_0,350,6417,0
u34,2026-03-19T21:00:00+06:00,send_money,h34_3,800,6067,0
u34,2026-03-20T21:00:00+06:00,receive,h34_0,1000,5267,
u34,2026-03-22T13:00:00+06:00,mobile_recharge,h34_3,350,6267,0
u34,2026-03-23T16:00:00+06:00,mobile_recharge,h34_2,350,5917,0
u34,2026-03-24T02:00:00+06:00,mobile_recharge,h34_0,500,5567,0
u34,2026-03-25T23:00:00+06:00,mobile_recharge,h34_1,800,5067,0
u34,2026-03-26T19:00:00+06:00,send_money,h34_0,200,4267,0
u34,2026-03-28T23:00:00+06:00,send_money,x969169,4067,4067,1
u34,2026-03-31T03:00:00+06:00,receive,h34_3,500,0,
u34,2026-04-01T10:00:00+06:00,receive,h34_1,2000,500,
u34,2026-04-01T21:00:00+06:00,send_money,h34_3,500,2500,0
u34,2026-04-04T03:00:00+06:00,receive,h34_0,3000,2000,
u34,2026-04-05T08:00:00+06:00,merchant_payment,h34_0,200,5000,0
u34,2026-04-06T02:00:00+06:00,send_money,x46332,4800,4800,1
u34,2026-04-24T05:00:00+06:00,receive,h34_2,500,0,
u34,2026-04-25T11:00:00+06:00,receive,h34_2,500,500,
u35,2026-03-05T04:00:00+06:00,receive,h35_0,3000,8184,
u35,2026-03-07T03:00:00+06:00,receive,h35_2,2000,11184,
u35,2026-03-09T14:00:00+06:00,send_money,h35_1,500,13184,0
u35,2026-03-10T22:00:00+06:00,merchant_payment,h35_2,800,12684,0
u35,2026-03-12T14:00:00+06:00,send_money,h35_0,500,11884,0
u35,2026-03-14T15:00:00+06:00,receive,h35_3,500,11384,
u35,2026-03-16T15:00:00+06:00,send_money,h35_0,500,11884,0
u35,2026-03-18T12:00:00+06:00,send_money,h35_2,1000,11384,0
u35,2026-03-19T00:00:00+06:00,receive,h35_0,2000,10384,
u35,2026-03-20T16:00:00+06:00,mobile_recharge,h35_1,500,12384,0
u35,2026-03-23T02:00:00+06:00,send_money,x72174,11884,11884,1
u35,2026-04-08T07:00:00+06:00,receive,h35_3,500,0,
u35,2026-04-09T09:00:00+06:00,merchant_payment,h35_1,500,500,0
u35,2026-04-19T17:00:00+06:00,receive,h35_1,2000,0,
u35,2026-04-21T21:00:00+06:00,mobile_recharge,h35_2,350,2000,0
u35,2026-04-23T06:00:00+06:00,receive,h35_2,500,1650,
u35,2026-04-25T06:00:00+06:00,send_money,h35_2,500,2150,0
u35,2026-04-26T17:00:00+06:00,send_money,h35_3,800,1650,0
u35,2026-04-27T17:00:00+06:00,receive,h35_2,1000,850,
u35,2026-04-28T10:00:00+06:00,send_money,h35_2,350,1850,0
u35,2026-04-30T19:00:00+06:00,receive,h35_3,1000,1500,
u35,2026-05-01T10:00:00+06:00,send_money,h35_2,200,2500,0
u35,2026-05-03T11:00:00+06:00,mobile_recharge,h35_3,200,2300,0
u35,2026-05-04T23:00:00+06:00,merchant_payment,h35_0,200,2100,0
u35,2026-05-07T06:00:00+06:00,receive,h35_2,2000,1900,
u35,2026-05-08T11:00:00+06:00,send_money,h35_0,350,3900,0
u35,2026-05-08T21:00:00+06:00,send_money,h35_2,800,3550,0
u35,2026-05-11T08:00:00+06:00,mobile_recharge,h35_1,500,2750,0
u35,2026-05-13T05:00:00+06:00,send_money,h35_1,800,2250,0
u35,2026-05-15T05:00:00+06:00,merchant_payment,h35_0,500,1450,0
u35,2026-05-16T23:00:00+06:00,send_money,h35_2,200,950,0
u36,2026-03-03T17:00:00+06:00,merchant_payment,h36_0,350,9848,0
u36,2026-03-05T08:00:00+06:00,mobile_recharge,h36_3,350,9498,0
u36,2026-03-06T02:00:00+06:00,send_money,h36_1,200,9148,0
u36,2026-03-08T05:00:00+06:00,merchant_payment,h36_3,500,8948,0
u36,2026-03-10T08:00:00+06:00,mobile_recharge,h36_0,800,8448,0
u36,2026-03-10T16:00:00+06:00,send_money,h36_3,1000,7648,0
u36,2026-03-12T09:00:00+06:00,send_money,h36_1,350,6648,0
u36,2026-03-13T15:00:00+06:00,receive,h36_1,1000,6298,
u36,2026-03-15T14:00:00+06:00,send_money,h36_3,1000,7298,0
u36,2026-03-15T20:00:00+06:00,merchant_payment,h36_0,350,6298,0
u36,2026-03-16T07:00:00+06:00,receive,h36_0,3000,5948,
u36,2026-03-18T02:00:00+06:00,merchant_payment,h36_3,350,8948,0
u36,2026-03-20T04:00:00+06:00,mobile_recharge,h36_3,1000,8598,0
u36,2026-03-21T15:00:00+06:00,merchant_payment,h36_1,500,7598,0
u36,2026-03-22T00:00:00+06:00,send_money,h36_2,1000,7098,0
u36,2026-03-24T01:00:00+06:00,mobile_recharge,h36_3,800,6098,0
u36,2026-03-26T09:00:00+06:00,send_money,h36_1,200,5298,0
u36,2026-03-27T06:00:00+06:00,send_money,h36_1,200,5098,0
u36,2026-03-29T01:00:00+06:00,receive,h36_2,1000,4898,
u36,2026-03-31T07:00:00+06:00,mobile_recharge,h36_0,1000,5898,0
u36,2026-04-02T11:00:00+06:00,merchant_payment,h36_3,350,4898,0
u36,2026-04-03T04:00:00+06:00,merchant_payment,h36_3,200,4548,0
u36,2026-04-04T08:00:00+06:00,merchant_payment,h36_1,500,4348,0
u36,2026-04-06T17:00:00+06:00,receive,h36_3,1000,3848,
u36,2026-04-07T10:00:00+06:00,receive,h36_3,1000,4848,
u36,2026-04-08T18:00:00+06:00,merchant_payment,h36_3,200,5848,0
u36,2026-04-10T01:00:00+06:00,receive,h36_3,3000,5648,
u36,2026-04-12T04:00:00+06:00,send_money,h36_3,200,8648,0
u36,2026-04-13T08:00:00+06:00,send_money,h36_1,350,8448,0
u36,2026-04-13T19:00:00+06:00,receive,h36_0,1000,8098,
u36,2026-04-15T10:00:00+06:00,receive,h36_2,2000,9098,
u36,2026-04-16T03:00:00+06:00,send_money,h36_3,1000,11098,0
u36,2026-04-18T14:00:00+06:00,send_money,h36_0,1000,10098,0
u36,2026-04-20T23:00:00+06:00,send_money,h36_1,1000,9098,0
u36,2026-04-22T07:00:00+06:00,receive,h36_0,1000,8098,
u36,2026-04-23T22:00:00+06:00,send_money,h36_3,1000,9098,0
u36,2026-04-26T23:00:00+06:00,send_money,x276794,8098,8098,1
u36,2026-05-01T01:00:00+06:00,receive,h36_1,3000,0,
u36,2026-05-02T05:00:00+06:00,merchant_payment,h36_0,350,3000,0
u36,2026-05-02T15:00:00+06:00,send_money,h36_1,350,2650,0
u36,2026-05-03T17:00:00+06:00,receive,h36_2,1000,2300,
u37,2026-03-02T15:00:00+06:00,mobile_recharge,h37_2,200,3793,0
u37,2026-03-05T03:00:00+06:00,mobile_recharge,h37_1,800,3593,0
u37,2026-03-05T17:00:00+06:00,receive,h37_1,500,2793,
u37,2026-03-07T15:00:00+06:00,send_money,h37_0,500,3293,0
u37,2026-03-09T03:00:00+06:00,send_money,h37_0,1000,2793,0
u37,2026-03-10T01:00:00+06:00,send_money,h37_3,350,1793,0
u37,2026-03-10T21:00:00+06:00,mobile_recharge,h37_0,500,1443,0
u37,2026-03-12T14:00:00+06:00,merchant_payment,h37_0,943,943,0
u37,2026-03-16T19:00:00+06:00,receive,h37_1,2000,0,
u37,2026-03-17T03:00:00+06:00,mobile_recharge,h37_3,800,2000,0
u37,2026-03-18T21:00:00+06:00,receive,h37_3,3000,1200,
u37,2026-03-20T12:00:00+06:00,send_money,h37_2,800,4200,0
u37,2026-03-23T00:00:00+06:00,send_money,h37_0,1000,3400,0
u37,2026-03-25T00:00:00+06:00,send_money,h37_2,800,2400,0
u37,2026-03-26T03:00:00+06:00,send_money,x476694,1600,1600,1
u37,2026-03-30T03:00:00+06:00,receive,h37_0,500,0,
u37,2026-04-01T07:00:00+06:00,send_money,h37_1,500,500,0
u37,2026-04-05T08:00:00+06:00,receive,h37_1,2000,0,
u37,2026-04-05T22:00:00+06:00,send_money,h37_3,1000,2000,0
u37,2026-04-06T12:00:00+06:00,receive,h37_0,3000,1000,
u37,2026-04-06T18:00:00+06:00,send_money,h37_1,500,4000,0
u37,2026-04-07T22:00:00+06:00,send_money,h37_2,1000,3500,0
u37,2026-04-09T19:00:00+06:00,mobile_recharge,h37_2,500,2500,0
u37,2026-04-11T19:00:00+06:00,send_money,h37_0,350,2000,0
u37,2026-04-12T19:00:00+06:00,send_money,h37_2,200,1650,0
u37,2026-04-14T07:00:00+06:00,merchant_payment,h37_3,500,1450,0
u37,2026-04-14T21:00:00+06:00,mobile_recharge,h37_3,500,950,0
u37,2026-04-15T20:00:00+06:00,send_money,h37_0,350,450,0
u37,2026-04-17T23:00:00+06:00,mobile_recharge,h37_2,100,100,0
u37,2026-04-19T12:00:00+06:00,receive,h37_1,1000,0,
u37,2026-04-21T02:00:00+06:00,send_money,h37_3,1000,1000,0
u37,2026-04-23T12:00:00+06:00,receive,h37_0,2000,0,
u37,2026-04-24T02:00:00+06:00,receive,h37_0,500,2000,
u37,2026-04-25T22:00:00+06:00,merchant_payment,h37_2,200,2500,0
u37,2026-04-26T09:00:00+06:00,send_money,h37_2,350,2300,0
u37,2026-04-28T01:00:00+06:00,send_money,x444685,1950,1950,1
u37,2026-05-01T02:00:00+06:00,receive,h37_3,2000,0,
u37,2026-05-01T22:00:00+06:00,send_money,h37_3,1000,2000,0
u37,2026-05-02T07:00:00+06:00,merchant_payment,h37_1,1000,1000,0
u38,2026-03-02T16:00:00+06:00,send_money,h38_1,350,17999,0
u38,2026-03-04T03:00:00+06:00,send_money,h38_3,200,17649,0
u38,2026-03-06T11:00:00+06:00,receive,h38_0,3000,17449,
u38,2026-03-08T16:00:00+06:00,merchant_payment,h38_2,350,20449,0
u38,2026-03-09T16:00:00+06:00,mobile_recharge,h38_2,500,20099,0
u38,2026-03-10T08:00:00+06:00,send_money,h38_3,1000,19599,0
u38,2026-03-12T17:00:00+06:00,merchant_payment,h38_3,1000,18599,0
u38,2026-03-14T03:00:00+06:00,mobile_recharge,h38_3,800,17599,0
u38,2026-03-14T20:00:00+06:00,mobile_recharge,h38_0,350,16799,0
u38,2026-03-15T23:00:00+06:00,merchant_payment,h38_3,350,16449,0
u38,2026-03-16T19:00:00+06:00,receive,h38_2,500,16099,
u38,2026-03-17T18:00:00+06:00,receive,h38_2,1000,16599,
u38,2026-03-18T16:00:00+06:00,receive,h38_1,3000,17599,
u38,2026-03-18T22:00:00+06:00,send_money,h38_1,200,20599,0
u38,2026-03-19T22:00:00+06:00,send_money,h38_1,1000,20399,0
u38,2026-03-22T05:00:00+06:00,send_money,h38_1,350,19399,0
u38,2026-03-23T02:00:00+06:00,receive,h38_1,500,19049,
u38,2026-03-23T01:00:00+06:00,send_money,x299619,5505,19549,1
u38,2026-03-24T06:00:00+06:00,receive,h38_0,1000,14044,
u38,2026-03-25T12:00:00+06:00,mobile_recharge,h38_0,1000,15044,0
u38,2026-03-27T21:00:00+06:00,send_money,h38_0,200,14044,0
u38,2026-03-29T11:00:00+06:00,send_money,h38_3,500,13844,0
u38,2026-03-31T20:00:00+06:00,send_money,h38_1,350,13344,0
u38,2026-04-02T15:00:00+06:00,mobile_recharge,h38_0,350,12994,0
u38,2026-04-02T23:00:00+06:00,send_money,h38_3,200,12644,0
u38,2026-04-05T10:00:00+06:00,merchant_payment,h38_1,800,12444,0
u38,2026-04-07T17:00:00+06:00,merchant_payment,h38_1,1000,11644,0
u38,2026-04-09T01:00:00+06:00,receive,h38_0,3000,10644,
u38,2026-04-09T21:00:00+06:00,send_money,h38_1,800,13644,0
u38,2026-04-12T09:00:00+06:00,merchant_payment,h38_1,200,12844,0
u38,2026-04-13T19:00:00+06:00,receive,h38_0,3000,12644,
u38,2026-04-14T02:00:00+06:00,send_money,x424337,7982,15644,1
u38,2026-04-16T23:00:00+06:00,receive,h38_1,1000,7662,
u38,2026-04-18T18:00:00+06:00,mobile_recharge,h38_0,500,8662,0
u38,2026-04-20T07:00:00+06:00,mobile_recharge,h38_3,200,8162,0
u38,2026-04-22T14:00:00+06:00,receive,h38_0,2000,7962,
u38,2026-04-23T14:00:00+06:00,send_money,h38_0,1000,9962,0
u38,2026-04-25T12:00:00+06:00,send_money,h38_2,1000,8962,0
u38,2026-04-27T21:00:00+06:00,receive,h38_3,1000,7962,
u38,2026-04-28T12:00:00+06:00,merchant_payment,h38_1,800,8962,0
u38,2026-04-30T23:00:00+06:00,send_money,x63864,3373,8162,1
u38,2026-05-01T06:00:00+06:00,receive,h38_0,1000,4789,
u38,2026-05-02T07:00:00+06:00,send_money,h38_1,200,5789,0
u38,2026-05-03T01:00:00+06:00,merchant_payment,h38_0,1000,5589,0
u38,2026-05-05T04:00:00+06:00,send_money,h38_0,1000,4589,0
u39,2026-03-03T08:00:00+06:00,send_money,h39_3,200,5569,0
u39,2026-03-05T00:00:00+06:00,merchant_payment,h39_2,200,5369,0
u39,2026-03-05T22:00:00+06:00,merchant_payment,h39_3,200,5169,0
u39,2026-03-06T09:00:00+06:00,mobile_recharge,h39_0,800,4969,0
u39,2026-03-08T01:00:00+06:00,send_money,x746330,4169,4169,1
u39,2026-03-09T12:00:00+06:00,receive,h39_0,1000,0,
u39,2026-03-11T06:00:00+06:00,receive,h39_2,1000,1000,
u39,2026-03-12T10:00:00+06:00,mobile_recharge,h39_0,200,2000,0
u39,2026-03-14T23:00:00+06:00,send_money,x882774,1800,1800,1
u39,2026-03-14T15:00:00+06:00,receive,h39_2,2000,0,
u39,2026-03-15T06:00:00+06:00,receive,h39_3,500,2000,
u39,2026-03-17T02:00:00+06:00,mobile_recharge,h39_2,350,2500,0
u39,2026-03-17T19:00:00+06:00,merchant_payment,h39_3,800,2150,0
u39,2026-03-19T16:00:00+06:00,receive,h39_2,500,1350,
u39,2026-03-22T00:00:00+06:00,receive,h39_2,3000,1850,
u39,2026-03-23T17:00:00+06:00,send_money,h39_3,800,4850,0
u39,2026-03-23T23:00:00+06:00,mobile_recharge,h39_0,800,4050,0
u39,2026-03-24T21:00:00+06:00,send_money,h39_2,800,3250,0
u39,2026-03-26T12:00:00+06:00,merchant_payment,h39_3,500,2450,0
u39,2026-03-28T02:00:00+06:00,send_money,x137398,1950,1950,1
u39,2026-03-31T01:00:00+06:00,receive,h39_1,2000,0,
u39,2026-04-01T20:00:00+06:00,receive,h39_0,2000,2000,
u39,2026-04-03T12:00:00+06:00,mobile_recharge,h39_3,800,4000,0
u39,2026-04-03T18:00:00+06:00,send_money,h39_3,500,3200,0
u39,2026-04-04T21:00:00+06:00,merchant_payment,h39_1,500,2700,0
u39,2026-04-06T02:00:00+06:00,send_money,h39_0,800,2200,0
u39,2026-04-08T12:00:00+06:00,receive,h39_0,3000,1400,
u39,2026-04-09T23:00:00+06:00,merchant_payment,h39_3,1000,4400,0
u39,2026-04-10T09:00:00+06:00,receive,h39_1,2000,3400,
u39,2026-04-12T02:00:00+06:00,send_money,x286381,5400,5400,1
u39,2026-04-18T16:00:00+06:00,receive,h39_3,500,0,
u39,2026-04-19T13:00:00+06:00,mobile_recharge,h39_1,200,500,0
u39,2026-04-20T03:00:00+06:00,receive,h39_0,3000,300,
u39,2026-04-20T18:00:00+06:00,mobile_recharge,h39_2,350,3300,0
u39,2026-04-22T16:00:00+06:00,send_money,h39_1,1000,2950,0
u39,2026-04-23T18:00:00+06:00,merchant_payment,h39_0,200,1950,0
u39,2026-04-24T06:00:00+06:00,receive,h39_3,1000,1750,
u39,2026-04-24T13:00:00+06:00,merchant_payment,h39_1,1000,2750,0
u39,2026-04-26T22:00:00+06:00,send_money,h39_2,500,1750,0
u39,2026-04-28T14:00:00+06:00,mobile_recharge,h39_1,200,1250,0
u39,2026-04-29T10:00:00+06:00,receive,h39_3,2000,1050,
u40,2026-03-01T22:00:00+06:00,mobile_recharge,h40_2,500,18376,0
u40,2026-03-03T19:00:00+06:00,merchant_payment,h40_3,500,17876,0
u40,2026-03-05T22:00:00+06:00,mobile_recharge,h40_0,800,17376,0
u40,2026-03-08T05:00:00+06:00,mobile_recharge,h40_0,350,16576,0
u40,2026-03-10T12:00:00+06:00,receive,h40_0,3000,16226,
u40,2026-03-12T16:00:00+06:00,send_money,h40_1,800,19226,0
u40,2026-03-14T01:00:00+06:00,mobile_recharge,h40_1,1000,18426,0
u40,2026-03-14T13:00:00+06:00,receive,h40_3,500,17426,
u40,2026-03-17T01:00:00+06:00,mobile_recharge,h40_0,350,17926,0
u40,2026-03-18T16:00:00+06:00,receive,h40_0,3000,17576,
u40,2026-03-20T05:00:00+06:00,receive,h40_3,500,20576,
u40,2026-03-22T04:00:00+06:00,merchant_payment,h40_1,350,21076,0
u40,2026-03-22T17:00:00+06:00,receive,h40_2,500,20726,
u40,2026-03-23T16:00:00+06:00,send_money,h40_3,200,21226,0
u40,2026-03-26T00:00:00+06:00,mobile_recharge,h40_0,500,21026,0
u40,2026-03-27T06:00:00+06:00,send_money,h40_0,500,20526,0
u40,2026-03-28T21:00:00+06:00,merchant_payment,h40_2,500,20026,0
u40,2026-03-30T04:00:00+06:00,send_money,h40_2,350,19526,0
u40,2026-04-01T08:00:00+06:00,receive,h40_2,500,19176,
u40,2026-04-02T14:00:00+06:00,merchant_payment,h40_2,350,19676,0
u40,2026-04-03T16:00:00+06:00,receive,h40_2,1000,19326,
u40,2026-04-05T15:00:00+06:00,receive,h40_3,1000,20326,
u40,2026-04-06T05:00:00+06:00,send_money,h40_2,1000,21326,0
u40,2026-04-08T11:00:00+06:00,mobile_recharge,h40_3,800,20326,0
u40,2026-04-09T17:00:00+06:00,send_money,h40_1,800,19526,0
u40,2026-04-11T06:00:00+06:00,mobile_recharge,h40_3,800,18726,0
u40,2026-04-11T19:00:00+06:00,receive,h40_2,1000,17926,
u40,2026-04-12T04:00:00+06:00,mobile_recharge,h40_2,800,18926,0
u40,2026-04-12T14:00:00+06:00,send_money,h40_1,800,18126,0
u40,2026-04-13T19:00:00+06:00,receive,h40_3,1000,17326,
u40,2026-04-16T06:00:00+06:00,send_money,h40_0,200,18326,0
u40,2026-04-16T19:00:00+06:00,send_money,h40_1,800,18126,0
u40,2026-04-18T00:00:00+06:00,send_money,h40_0,800,17326,0
u40,2026-04-19T12:00:00+06:00,send_money,h40_2,350,16526,0
u40,2026-04-20T03:00:00+06:00,mobile_recharge,h40_0,1000,16176,0
u40,2026-04-20T10:00:00+06:00,receive,h40_2,2000,15176,
u40,2026-04-21T12:00:00+06:00,receive,h40_2,500,17176,
u40,2026-04-22T17:00:00+06:00,send_money,h40_3,500,17676,0
u40,2026-04-23T11:00:00+06:00,mobile_recharge,h40_3,800,17176,0
u40,2026-04-25T20:00:00+06:00,send_money,h40_3,350,16376,0
u40,2026-04-27T03:00:00+06:00,send_money,h40_2,500,16026,0
u40,2026-04-29T07:00:00+06:00,mobile_recharge,h40_0,500,15526,0
u40,2026-04-30T11:00:00+06:00,merchant_payment,h40_0,500,15026,0
u40,2026-05-01T11:00:00+06:00,receive,h40_0,2000,14526,
u40,2026-05-03T12:00:00+06:00,merchant_payment,h40_0,350,16526,0
u41,2026-03-04T01:00:00+06:00,send_money,h41_3,500,8255,0
u41,2026-03-05T07:00:00+06:00,merchant_payment,h41_0,200,7755,0
u41,2026-03-06T11:00:00+06:00,mobile_recharge,h41_0,1000,7555,0
u41,2026-03-08T02:00:00+06:00,receive,h41_2,1000,6555,
u41,2026-03-10T23:00:00+06:00,send_money,x441624,7555,7555,1
u41,2026-03-10T19:00:00+06:00,receive,h41_1,1000,0,
u41,2026-03-12T15:00:00+06:00,merchant_payment,h41_2,800,1000,0
u41,2026-03-14T00:00:00+06:00,send_money,h41_1,200,200,0
u41,2026-03-26T16:00:00+06:00,receive,h41_2,500,0,
u41,2026-03-28T20:00:00+06:00,merchant_payment,h41_2,350,500,0
u41,2026-03-29T14:00:00+06:00,receive,h41_3,500,150,
u41,2026-03-31T15:00:00+06:00,merchant_payment,h41_3,200,650,0
u41,2026-04-02T12:00:00+06:00,send_money,h41_1,450,450,0
u41,2026-04-03T19:00:00+06:00,receive,h41_0,500,0,
u41,2026-04-06T03:00:00+06:00,receive,h41_2,2000,500,
u41,2026-04-07T18:00:00+06:00,send_money,h41_3,500,2500,0
u41,2026-04-08T23:00:00+06:00,receive,h41_2,2000,2000,
u41,2026-04-11T07:00:00+06:00,merchant_payment,h41_0,800,4000,0
u41,2026-04-13T11:00:00+06:00,receive,h41_2,500,3200,
u41,2026-04-15T11:00:00+06:00,send_money,h41_1,200,3700,0
u41,2026-04-16T01:00:00+06:00,send_money,x912215,3500,3500,1
u41,2026-04-22T17:00:00+06:00,receive,h41_0,1000,0,
u41,2026-04-24T14:00:00+06:00,send_money,h41_1,800,1000,0
u41,2026-04-26T07:00:00+06:00,merchant_payment,h41_2,200,200,0
u41,2026-04-28T11:00:00+06:00,receive,h41_3,3000,0,
u41,2026-04-28T22:00:00+06:00,merchant_payment,h41_2,1000,3000,0
u41,2026-04-30T17:00:00+06:00,receive,h41_3,3000,2000,
u41,2026-05-02T22:00:00+06:00,send_money,h41_2,1000,5000,0
u41,2026-05-05T02:00:00+06:00,receive,h41_0,2000,4000,
u41,2026-05-06T01:00:00+06:00,send_money,x718900,6000,6000,1
u42,2026-03-04T14:00:00+06:00,receive,h42_2,500,9741,
u42,2026-03-06T00:00:00+06:00,send_money,h42_0,350,10241,0
u42,2026-03-07T10:00:00+06:00,send_money,h42_0,1000,9891,0
u42,2026-03-09T15:00:00+06:00,receive,h42_0,500,8891,
u42,2026-03-10T18:00:00+06:00,send_money,h42_3,350,9391,0
u42,2026-03-11T06:00:00+06:00,receive,h42_2,1000,9041,
u42,2026-03-12T17:00:00+06:00,send_money,h42_2,500,10041,0
u42,2026-03-15T03:00:00+06:00,receive,h42_3,1000,9541,
u42,2026-03-15T19:00:00+06:00,mobile_recharge,h42_0,1000,10541,0
u42,2026-03-17T16:00:00+06:00,receive,h42_1,500,9541,
u42,2026-03-19T15:00:00+06:00,send_money,h42_1,1000,10041,0
u42,2026-03-20T18:00:00+06:00,merchant_payment,h42_3,350,9041,0
u42,2026-03-21T02:00:00+06:00,send_money,x538733,5303,8691,1
u42,2026-03-21T19:00:00+06:00,merchant_payment,h42_1,200,3388,0
u42,2026-03-23T10:00:00+06:00,receive,h42_2,2000,3188,
u42,2026-03-24T10:00:00+06:00,send_money,h42_2,1000,5188,0
u42,2026-03-26T02:00:00+06:00,send_money,x624291,3881,4188,1
u42,2026-03-27T08:00:00+06:00,mobile_recharge,h42_0,307,307,0
u42,2026-04-02T06:00:00+06:00,receive,h42_0,2000,0,
u42,2026-04-04T05:00:00+06:00,send_money,h42_1,500,2000,0
u42,2026-04-05T20:00:00+06:00,send_money,h42_0,500,1500,0
u42,2026-04-07T19:00:00+06:00,receive,h42_3,2000,1000,
u42,2026-04-09T08:00:00+06:00,merchant_payment,h42_0,500,3000,0
u42,2026-04-11T02:00:00+06:00,send_money,h42_1,1000,2500,0
u42,2026-04-11T22:00:00+06:00,receive,h42_0,3000,1500,
u42,2026-04-12T13:00:00+06:00,merchant_payment,h42_3,200,4500,0
u42,2026-04-15T01:00:00+06:00,send_money,x716595,4300,4300,1
u42,2026-04-24T10:00:00+06:00,receive,h42_1,1000,0,
u42,2026-04-26T16:00:00+06:00,merchant_payment,h42_1,1000,1000,0
u42,2026-05-01T18:00:00+06:00,receive,h42_3,500,0,
u42,2026-05-04T00:00:00+06:00,mobile_recharge,h42_1,200,500,0
u42,2026-05-05T02:00:00+06:00,send_money,h42_1,300,300,0
u43,2026-03-05T06:00:00+06:00,send_money,h43_0,1000,7403,0
u43,2026-03-07T12:00:00+06:00,send_money,h43_2,200,6403,0
u43,2026-03-08T15:00:00+06:00,receive,h43_2,3000,6203,
u43,2026-03-10T23:00:00+06:00,send_money,h43_3,500,9203,0
u43,2026-03-11T14:00:00+06:00,merchant_payment,h43_0,500,8703,0
u43,2026-03-12T03:00:00+06:00,merchant_payment,h43_0,1000,8203,0
u43,2026-03-13T05:00:00+06:00,send_money,h43_3,800,7203,0
u43,2026-03-15T11:00:00+06:00,send_money,h43_1,1000,6403,0
u43,2026-03-16T08:00:00+06:00,send_money,h43_2,500,5403,0
u43,2026-03-18T13:00:00+06:00,merchant_payment,h43_2,500,4903,0
u43,2026-03-19T16:00:00+06:00,send_money,h43_3,350,4403,0
u43,2026-03-20T11:00:00+06:00,mobile_recharge,h43_1,350,4053,0
u43,2026-03-20T17:00:00+06:00,receive,h43_3,3000,3703,
u43,2026-03-22T16:00:00+06:00,mobile_recharge,h43_0,800,6703,0
u43,2026-03-22T23:00:00+06:00,send_money,h43_2,350,5903,0
u43,2026-03-24T19:00:00+06:00,receive,h43_3,2000,5553,
u43,2026-03-27T06:00:00+06:00,receive,h43_3,1000,7553,
u43,2026-03-28T10:00:00+06:00,mobile_recharge,h43_2,500,8553,0
u43,2026-03-28T22:00:00+06:00,send_money,h43_0,1000,8053,0
u43,2026-03-30T06:00:00+06:00,send_money,h43_3,800,7053,0
u43,2026-04-01T09:00:00+06:00,mobile_recharge,h43_0,500,6253,0
u43,2026-04-02T03:00:00+06:00,receive,h43_3,500,5753,
u43,2026-04-02T14:00:00+06:00,receive,h43_1,500,6253,
u43,2026-04-03T23:00:00+06:00,receive,h43_1,500,6753,
u43,2026-04-04T05:00:00+06:00,merchant_payment,h43_2,800,7253,0
u43,2026-04-04T22:00:00+06:00,merchant_payment,h43_2,500,6453,0
u43,2026-04-06T12:00:00+06:00,send_money,h43_2,1000,5953,0
u43,2026-04-06T21:00:00+06:00,receive,h43_1,500,4953,
u43,2026-04-09T09:00:00+06:00,send_money,h43_2,200,5453,0
u43,2026-04-11T02:00:00+06:00,send_money,x99612,5253,5253,1
u43,2026-04-13T04:00:00+06:00,receive,h43_2,1000,0,
u43,2026-04-15T13:00:00+06:00,receive,h43_0,1000,1000,
u43,2026-04-17T09:00:00+06:00,send_money,h43_3,500,2000,0
u43,2026-04-18T10:00:00+06:00,receive,h43_3,2000,1500,
u43,2026-04-20T00:00:00+06:00,send_money,h43_2,800,3500,0
u43,2026-04-21T01:00:00+06:00,merchant_payment,h43_3,800,2700,0
u43,2026-04-22T09:00:00+06:00,merchant_payment,h43_1,500,1900,0
u43,2026-04-23T22:00:00+06:00,merchant_payment,h43_1,200,1400,0
u43,2026-04-25T09:00:00+06:00,merchant_payment,h43_0,500,1200,0
u43,2026-04-27T02:00:00+06:00,send_money,x157020,700,700,1
u43,2026-05-01T06:00:00+06:00,receive,h43_2,500,0,
u43,2026-05-02T22:00:00+06:00,mobile_recharge,h43_0,500,500,0
u44,2026-03-03T02:00:00+06:00,receive,h44_3,2000,5260,
u44,2026-03-05T08:00:00+06:00,send_money,h44_0,350,7260,0
u44,2026-03-06T03:00:00+06:00,mobile_recharge,h44_2,200,6910,0
u44,2026-03-07T07:00:00+06:00,send_money,h44_2,500,6710,0
u44,2026-03-09T04:00:00+06:00,merchant_payment,h44_2,350,6210,0
u44,2026-03-10T18:00:00+06:00,merchant_payment,h44_2,350,5860,0
u44,2026-03-12T10:00:00+06:00,send_money,h44_2,1000,5510,0
u44,2026-03-14T04:00:00+06:00,send_money,h44_0,350,4510,0
u44,2026-03-15T22:00:00+06:00,mobile_recharge,h44_0,200,4160,0
u44,2026-03-17T07:00:00+06:00,send_money,h44_2,500,3960,0
u44,2026-03-19T03:00:00+06:00,send_money,x16182,3460,3460,1
u44,2026-03-24T10:00:00+06:00,receive,h44_3,3000,0,
u44,2026-03-26T01:00:00+06:00,send_money,x751439,3000,3000,1
u44,2026-03-31T21:00:00+06:00,receive,h44_0,500,0,
u44,2026-04-03T09:00:00+06:00,send_money,h44_3,200,500,0
u44,2026-04-05T01:00:00+06:00,receive,h44_3,2000,300,
u44,2026-04-07T08:00:00+06:00,send_money,h44_0,800,2300,0
u44,2026-04-07T14:00:00+06:00,receive,h44_3,3000,1500,
u44,2026-04-08T04:00:00+06:00,send_money,h44_3,500,4500,0
u44,2026-04-08T11:00:00+06:00,mobile_recharge,h44_0,1000,4000,0
u44,2026-04-10T15:00:00+06:00,send_money,h44_0,500,3000,0
u44,2026-04-12T19:00:00+06:00,merchant_payment,h44_0,350,2500,0
u44,2026-04-15T05:00:00+06:00,send_money,h44_3,200,2150,0
u44,2026-04-17T09:00:00+06:00,mobile_recharge,h44_1,350,1950,0
u44,2026-04-17T22:00:00+06:00,send_money,h44_1,800,1600,0
u44,2026-04-18T16:00:00+06:00,send_money,h44_0,350,800,0
u44,2026-04-19T01:00:00+06:00,receive,h44_1,500,450,
u44,2026-04-21T04:00:00+06:00,send_money,h44_0,800,950,0
u44,2026-04-22T04:00:00+06:00,mobile_recharge,h44_0,150,150,0
u44,2026-04-23T10:00:00+06:00,receive,h44_3,2000,0,
u44,2026-04-25T01:00:00+06:00,receive,h44_1,3000,2000,
u44,2026-04-26T14:00:00+06:00,merchant_payment,h44_2,500,5000,0
u44,2026-04-27T09:00:00+06:00,receive,h44_1,3000,4500,
u44,2026-04-28T10:00:00+06:00,merchant_payment,h44_3,500,7500,0
u44,2026-04-29T07:00:00+06:00,send_money,h44_2,500,7000,0
u44,2026-04-30T17:00:00+06:00,receive,h44_1,3000,6500,
u44,2026-05-02T18:00:00+06:00,merchant_payment,h44_1,200,9500,0
u45,2026-03-04T13:00:00+06:00,merchant_payment,h45_3,200,16508,0
u45,2026-03-05T12:00:00+06:00,receive,h45_3,3000,16308,
u45,2026-03-07T18:00:00+06:00,mobile_recharge,h45_3,200,19308,0
u45,2026-03-09T09:00:00+06:00,mobile_recharge,h45_2,350,19108,0
u45,2026-03-10T17:00:00+06:00,merchant_payment,h45_3,1000,18758,0
u45,2026-03-11T11:00:00+06:00,receive,h45_3,2000,17758,
u45,2026-03-12T13:00:00+06:00,merchant_payment,h45_3,1000,19758,0
u45,2026-03-13T02:00:00+06:00,send_money,x594402,14747,18758,1
u45,2026-03-14T23:00:00+06:00,receive,h45_3,3000,4011,
u45,2026-03-16T01:00:00+06:00,merchant_payment,h45_2,1000,7011,0
u45,2026-03-17T06:00:00+06:00,mobile_recharge,h45_0,500,6011,0
u45,2026-03-19T11:00:00+06:00,merchant_payment,h45_1,800,5511,0
u45,2026-03-21T22:00:00+06:00,send_money,h45_0,1000,4711,0
u45,2026-03-24T04:00:00+06:00,send_money,h45_2,500,3711,0
u45,2026-03-24T11:00:00+06:00,mobile_recharge,h45_1,500,3211,0
u45,2026-03-26T21:00:00+06:00,send_money,h45_1,800,2711,0
u45,2026-03-27T14:00:00+06:00,receive,h45_3,2000,1911,
u45,2026-03-28T01:00:00+06:00,send_money,h45_2,1000,3911,0
u45,2026-03-28T16:00:00+06:00,send_money,h45_2,350,2911,0
u45,2026-03-29T06:00:00+06:00,receive,h45_3,1000,2561,
u45,2026-03-30T01:00:00+06:00,receive,h45_3,1000,3561,
u45,2026-03-30T13:00:00+06:00,merchant_payment,h45_1,500,4561,0
u45,2026-03-31T01:00:00+06:00,send_money,h45_2,800,4061,0
u45,2026-04-01T17:00:00+06:00,receive,h45_3,3000,3261,
u45,2026-04-02T01:00:00+06:00,send_money,x451959,6261,6261,1
u45,2026-04-04T15:00:00+06:00,receive,h45_0,500,0,
u45,2026-04-05T17:00:00+06:00,merchant_payment,h45_3,500,500,0
u45,2026-04-07T09:00:00+06:00,receive,h45_3,500,0,
u45,2026-04-09T18:00:00+06:00,send_money,h45_3,350,500,0
u45,2026-04-10T03:00:00+06:00,receive,h45_2,3000,150,
u45,2026-04-10T23:00:00+06:00,send_money,h45_3,800,3150,0
u45,2026-04-11T13:00:00+06:00,merchant_payment,h45_1,1000,2350,0
u45,2026-04-13T00:00:00+06:00,receive,h45_2,1000,1350,
u45,2026-04-15T01:00:00+06:00,send_money,x385922,2350,2350,1
u45,2026-04-16T10:00:00+06:00,receive,h45_3,3000,0,
u45,2026-04-18T09:00:00+06:00,receive,h45_2,1000,3000,
u45,2026-04-19T05:00:00+06:00,receive,h45_1,3000,4000,
u45,2026-04-19T12:00:00+06:00,receive,h45_3,3000,7000,
u45,2026-04-21T17:00:00+06:00,mobile_recharge,h45_2,350,10000,0
u45,2026-04-22T16:00:00+06:00,send_money,h45_1,800,9650,0
u45,2026-04-25T03:00:00+06:00,send_money,h45_0,1000,8850,0
u45,2026-04-25T22:00:00+06:00,send_money,h45_2,350,7850,0
u45,2026-04-28T06:00:00+06:00,mobile_recharge,h45_1,800,7500,0
u45,2026-04-30T08:00:00+06:00,receive,h45_2,3000,6700,
u46,2026-03-03T23:00:00+06:00,send_money,h46_2,1000,18109,0
u46,2026-03-05T01:00:00+06:00,send_money,x568289,14743,17109,1
u46,2026-03-05T18:00:00+06:00,merchant_payment,h46_1,1000,2366,0
u46,2026-03-07T13:00:00+06:00,merchant_payment,h46_2,1000,1366,0
u46,2026-03-08T02:00:00+06:00,receive,h46_2,3000,366,
u46,2026-03-09T19:00:00+06:00,merchant_payment,h46_3,200,3366,0
u46,2026-03-11T14:00:00+06:00,merchant_payment,h46_2,200,3166,0
u46,2026-03-13T11:00:00+06:00,send_money,h46_1,1000,2966,0
u46,2026-03-14T20:00:00+06:00,mobile_recharge,h46_1,1000,1966,0
u46,2026-03-15T10:00:00+06:00,send_money,h46_1,800,966,0
u46,2026-03-16T18:00:00+06:00,receive,h46_1,3000,166,
u46,2026-03-19T02:00:00+06:00,receive,h46_2,500,3166,
u46,2026-03-20T18:00:00+06:00,mobile_recharge,h46_3,500,3666,0
u46,2026-03-22T13:00:00+06:00,mobile_recharge,h46_2,800,3166,0
u46,2026-03-24T01:00:00+06:00,send_money,h46_0,500,2366,0
u46,2026-03-24T12:00:00+06:00,send_money,h46_0,200,1866,0
u46,2026-03-24T20:00:00+06:00,merchant_payment,h46_0,350,1666,0
u46,2026-03-26T08:00:00+06:00,send_money,h46_3,200,1316,0
u46,2026-03-26T17:00:00+06:00,mobile_recharge,h46_3,1000,1116,0
u46,2026-03-27T21:00:00+06:00,receive,h46_2,500,116,
u46,2026-03-28T11:00:00+06:00,merchant_payment,h46_1,616,616,0
u46,2026-03-31T17:00:00+06:00,receive,h46_2,2000,0,
u46,2026-04-01T15:00:00+06:00,receive,h46_3,500,2000,
u46,2026-04-02T16:00:00+06:00,send_money,h46_3,500,2500,0
u46,2026-04-03T15:00:00+06:00,mobile_recharge,h46_2,500,2000,0
u46,2026-04-04T15:00:00+06:00,send_money,h46_0,500,1500,0
u46,2026-04-06T09:00:00+06:00,send_money,h46_2,1000,1000,0
u46,2026-04-08T18:00:00+06:00,receive,h46_1,500,0,
u46,2026-04-10T11:00:00+06:00,send_money,h46_2,500,500,0
u46,2026-04-15T16:00:00+06:00,receive,h46_1,3000,0,
u46,2026-04-16T19:00:00+06:00,send_money,h46_0,1000,3000,0
u46,2026-04-18T15:00:00+06:00,merchant_payment,h46_3,350,2000,0
u46,2026-04-19T18:00:00+06:00,send_money,h46_2,800,1650,0
u46,2026-04-21T00:00:00+06:00,receive,h46_2,3000,850,
u46,2026-04-22T05:00:00+06:00,receive,h46_0,500,3850,
u46,2026-04-23T22:00:00+06:00,receive,h46_2,2000,4350,
u46,2026-04-24T21:00:00+06:00,merchant_payment,h46_3,800,6350,0
u46,2026-04-25T03:00:00+06:00,send_money,h46_2,200,5550,0
u46,2026-04-27T05:00:00+06:00,receive,h46_0,500,5350,
u46,2026-04-28T05:00:00+06:00,receive,h46_0,3000,5850,
u46,2026-04-29T23:00:00+06:00,send_money,h46_3,500,8850,0
u46,2026-05-01T08:00:00+06:00,mobile_recharge,h46_0,1000,8350,0
u47,2026-03-04T14:00:00+06:00,send_money,h47_0,800,7550,0
u47,2026-03-06T20:00:00+06:00,mobile_recharge,h47_0,800,6750,0
u47,2026-03-08T05:00:00+06:00,mobile_recharge,h47_1,800,5950,0
u47,2026-03-10T11:00:00+06:00,receive,h47_2,1000,5150,
u47,2026-03-10T17:00:00+06:00,send_money,h47_1,350,6150,0
u47,2026-03-11T14:00:00+06:00,send_money,h47_3,800,5800,0
u47,2026-03-12T06:00:00+06:00,receive,h47_0,1000,5000,
u47,2026-03-14T15:00:00+06:00,mobile_recharge,h47_0,500,6000,0
u47,2026-03-14T22:00:00+06:00,send_money,h47_3,800,5500,0
u47,2026-03-16T01:00:00+06:00,receive,h47_3,2000,4700,
u47,2026-03-17T23:00:00+06:00,merchant_payment,h47_3,500,6700,0
u47,2026-03-19T12:00:00+06:00,mobile_recharge,h47_1,500,6200,0
u47,2026-03-21T01:00:00+06:00,mobile_recharge,h47_1,1000,5700,0
u47,2026-03-22T01:00:00+06:00,receive,h47_3,3000,4700,
u47,2026-03-22T18:00:00+06:00,send_money,h47_3,1000,7700,0
u47,2026-03-23T06:00:00+06:00,send_money,h47_1,350,6700,0
u47,2026-03-23T14:00:00+06:00,receive,h47_3,500,6350,
u47,2026-03-23T21:00:00+06:00,send_money,h47_0,350,6850,0
u47,2026-03-26T06:00:00+06:00,mobile_recharge,h47_3,500,6500,0
u47,2026-03-26T20:00:00+06:00,send_money,h47_3,500,6000,0
u47,2026-03-27T23:00:00+06:00,send_money,h47_0,800,5500,0
u47,2026-03-28T02:00:00+06:00,send_money,x407910,4700,4700,1
u47,2026-03-31T00:00:00+06:00,receive,h47_2,3000,0,
u47,2026-04-02T10:00:00+06:00,send_money,h47_0,200,3000,0
u47,2026-04-04T01:00:00+06:00,send_money,h47_1,1000,2800,0
u47,2026-04-04T18:00:00+06:00,send_money,h47_3,1000,1800,0
u47,2026-04-05T22:00:00+06:00,receive,h47_2,2000,800,
u47,2026-04-06T20:00:00+06:00,send_money,h47_1,200,2800,0
u47,2026-04-07T16:00:00+06:00,merchant_payment,h47_0,500,2600,0
u47,2026-04-10T04:00:00+06:00,merchant_payment,h47_2,800,2100,0
u47,2026-04-11T18:00:00+06:00,mobile_recharge,h47_3,200,1300,0
u47,2026-04-14T03:00:00+06:00,mobile_recharge,h47_1,350,1100,0
u47,2026-04-16T10:00:00+06:00,receive,h47_2,500,750,
u47,2026-04-18T00:00:00+06:00,send_money,h47_3,800,1250,0
u47,2026-04-19T05:00:00+06:00,receive,h47_1,2000,450,
u47,2026-04-20T09:00:00+06:00,merchant_payment,h47_1,350,2450,0
u47,2026-04-22T04:00:00+06:00,merchant_payment,h47_1,350,2100,0
u47,2026-04-24T16:00:00+06:00,send_money,h47_1,800,1750,0
u47,2026-04-26T06:00:00+06:00,receive,h47_2,3000,950,
u47,2026-04-28T00:00:00+06:00,receive,h47_1,2000,3950,
u47,2026-04-28T11:00:00+06:00,receive,h47_2,3000,5950,
u47,2026-04-29T20:00:00+06:00,send_money,h47_3,500,8950,0
u47,2026-04-30T04:00:00+06:00,receive,h47_0,3000,8450,
u47,2026-05-02T16:00:00+06:00,send_money,h47_2,500,11450,0
u47,2026-05-03T22:00:00+06:00,merchant_payment,h47_2,500,10950,0
u48,2026-03-04T15:00:00+06:00,receive,h48_2,2000,9073,
u48,2026-03-06T02:00:00+06:00,mobile_recharge,h48_2,350,11073,0
u48,2026-03-08T07:00:00+06:00,merchant_payment,h48_2,1000,10723,0
u48,2026-03-09T14:00:00+06:00,mobile_recharge,h48_1,200,9723,0
u48,2026-03-10T20:00:00+06:00,send_money,h48_2,800,9523,0
u48,2026-03-12T03:00:00+06:00,receive,h48_0,3000,8723,
u48,2026-03-13T02:00:00+06:00,receive,h48_3,2000,11723,
u48,2026-03-14T22:00:00+06:00,receive,h48_3,1000,13723,
u48,2026-03-16T02:00:00+06:00,receive,h48_0,500,14723,
u48,2026-03-17T05:00:00+06:00,receive,h48_1,3000,15223,
u48,2026-03-17T17:00:00+06:00,receive,h48_1,3000,18223,
u48,2026-03-19T15:00:00+06:00,merchant_payment,h48_3,1000,21223,0
u48,2026-03-21T14:00:00+06:00,send_money,h48_1,500,20223,0
u48,2026-03-22T15:00:00+06:00,receive,h48_3,3000,19723,
u48,2026-03-23T13:00:00+06:00,mobile_recharge,h48_3,800,22723,0
u48,2026-03-25T00:00:00+06:00,merchant_payment,h48_1,800,21923,0
u48,2026-03-25T20:00:00+06:00,send_money,h48_3,200,21123,0
u48,2026-03-27T13:00:00+06:00,merchant_payment,h48_0,1000,20923,0
u48,2026-03-28T02:00:00+06:00,send_money,x972121,13184,19923,1
u48,2026-03-29T19:00:00+06:00,mobile_recharge,h48_3,800,6739,0
u48,2026-03-31T04:00:00+06:00,merchant_payment,h48_2,500,5939,0
u48,2026-04-01T17:00:00+06:00,send_money,h48_3,200,5439,0
u48,2026-04-03T05:00:00+06:00,merchant_payment,h48_0,1000,5239,0
u48,2026-04-04T17:00:00+06:00,send_money,h48_1,350,4239,0
u48,2026-04-06T21:00:00+06:00,merchant_payment,h48_3,500,3889,0
u48,2026-04-08T08:00:00+06:00,mobile_recharge,h48_2,200,3389,0
u48,2026-04-09T15:00:00+06:00,mobile_recharge,h48_1,1000,3189,0
u48,2026-04-10T17:00:00+06:00,send_money,h48_2,500,2189,0
u48,2026-04-11T19:00:00+06:00,mobile_recharge,h48_1,800,1689,0
u48,2026-04-12T04:00:00+06:00,send_money,h48_2,889,889,0
u48,2026-04-14T20:00:00+06:00,receive,h48_1,2000,0,
u48,2026-04-16T01:00:00+06:00,mobile_recharge,h48_1,500,2000,0
u48,2026-04-17T02:00:00+06:00,send_money,x999215,1500,1500,1
u48,2026-04-23T11:00:00+06:00,receive,h48_0,3000,0,
u48,2026-04-25T15:00:00+06:00,mobile_recharge,h48_2,350,3000,0
u48,2026-04-26T15:00:00+06:00,mobile_recharge,h48_3,800,2650,0
u48,2026-04-28T15:00:00+06:00,send_money,h48_2,800,1850,0
u48,2026-04-28T23:00:00+06:00,send_money,h48_2,200,1050,0
u48,2026-04-29T10:00:00+06:00,receive,h48_2,2000,850,
u48,2026-05-01T10:00:00+06:00,send_money,h48_2,500,2850,0
u49,2026-03-03T12:00:00+06:00,mobile_recharge,h49_1,800,16889,0
u49,2026-03-04T02:00:00+06:00,send_money,x817138,5023,16089,1
u49,2026-03-06T18:00:00+06:00,mobile_recharge,h49_3,500,11066,0
u49,2026-03-08T08:00:00+06:00,send_money,h49_3,500,10566,0
u49,2026-03-10T04:00:00+06:00,mobile_recharge,h49_0,800,10066,0
u49,2026-03-11T01:00:00+06:00,send_money,x90318,6870,9266,1
u49,2026-03-11T12:00:00+06:00,send_money,h49_0,200,2396,0
u49,2026-03-12T15:00:00+06:00,send_money,h49_3,1000,2196,0
u49,2026-03-13T02:00:00+06:00,send_money,h49_2,1000,1196,0
u49,2026-03-13T19:00:00+06:00,send_money,h49_0,196,196,0
u49,2026-03-17T10:00:00+06:00,receive,h49_3,3000,0,
u49,2026-03-19T11:00:00+06:00,merchant_payment,h49_2,350,3000,0
u49,2026-03-21T17:00:00+06:00,send_money,h49_1,800,2650,0
u49,2026-03-22T13:00:00+06:00,mobile_recharge,h49_0,350,1850,0
u49,2026-03-22T20:00:00+06:00,receive,h49_2,2000,1500,
u49,2026-03-23T20:00:00+06:00,receive,h49_1,3000,3500,
u49,2026-03-24T17:00:00+06:00,receive,h49_1,3000,6500,
u49,2026-03-25T08:00:00+06:00,merchant_payment,h49_1,350,9500,0
u49,2026-03-26T01:00:00+06:00,send_money,h49_2,1000,9150,0
u49,2026-03-26T13:00:00+06:00,send_money,h49_1,200,8150,0
u49,2026-03-28T12:00:00+06:00,receive,h49_1,1000,7950,
u49,2026-03-30T06:00:00+06:00,mobile_recharge,h49_0,500,8950,0
u49,2026-04-01T08:00:00+06:00,send_money,h49_0,500,8450,0
u49,2026-04-02T22:00:00+06:00,merchant_payment,h49_2,800,7950,0
u49,2026-04-04T14:00:00+06:00,send_money,h49_1,800,7150,0
u49,2026-04-05T17:00:00+06:00,send_money,h49_2,500,6350,0
u49,2026-04-07T23:00:00+06:00,send_money,x513753,5850,5850,1
u49,2026-04-11T20:00:00+06:00,receive,h49_3,2000,0,
u49,2026-04-12T06:00:00+06:00,send_money,h49_3,350,2000,0
u49,2026-04-14T04:00:00+06:00,mobile_recharge,h49_2,200,1650,0
u49,2026-04-15T08:00:00+06:00,merchant_payment,h49_0,1000,1450,0
u49,2026-04-17T19:00:00+06:00,send_money,h49_3,200,450,0
u49,2026-04-18T10:00:00+06:00,mobile_recharge,h49_3,250,250,0
u49,2026-04-21T10:00:00+06:00,receive,h49_1,3000,0,
u49,2026-04-23T05:00:00+06:00,receive,h49_2,500,3000,
u49,2026-04-25T06:00:00+06:00,mobile_recharge,h49_1,800,3500,0
u49,2026-04-25T23:00:00+06:00,send_money,h49_2,200,2700,0
u49,2026-04-26T08:00:00+06:00,send_money,h49_3,350,2500,0
u49,2026-04-26T21:00:00+06:00,mobile_recharge,h49_1,350,2150,0
u49,2026-04-28T21:00:00+06:00,send_money,h49_2,350,1800,0
u50,2026-03-04T08:00:00+06:00,send_money,h50_1,1000,6635,0
u50,2026-03-04T01:00:00+06:00,send_money,x951132,5635,5635,1
u50,2026-03-06T21:00:00+06:00,receive,h50_0,3000,0,
u50,2026-03-07T16:00:00+06:00,send_money,h50_2,500,3000,0
u50,2026-03-08T03:00:00+06:00,receive,h50_3,1000,2500,
u50,2026-03-10T08:00:00+06:00,mobile_recharge,h50_0,800,3500,0
u50,2026-03-11T02:00:00+06:00,send_money,h50_3,1000,2700,0
u50,2026-03-12T19:00:00+06:00,mobile_recharge,h50_0,350,1700,0
u50,2026-03-14T03:00:00+06:00,receive,h50_1,1000,1350,
u50,2026-03-15T21:00:00+06:00,send_money,h50_0,1000,2350,0
u50,2026-03-18T01:00:00+06:00,mobile_recharge,h50_3,350,1350,0
u50,2026-03-19T13:00:00+06:00,merchant_payment,h50_1,350,1000,0
u50,2026-03-21T13:00:00+06:00,send_money,h50_1,500,650,0
u50,2026-03-23T15:00:00+06:00,receive,h50_2,1000,150,
u50,2026-03-24T03:00:00+06:00,send_money,x63597,1150,1150,1
u50,2026-03-29T08:00:00+06:00,receive,h50_2,2000,0,
u50,2026-03-31T03:00:00+06:00,send_money,x958654,2000,2000,1
u50,2026-04-01T14:00:00+06:00,receive,h50_0,3000,0,
u50,2026-04-02T11:00:00+06:00,mobile_recharge,h50_1,1000,3000,0
u50,2026-04-03T03:00:00+06:00,mobile_recharge,h50_1,800,2000,0
u50,2026-04-03T17:00:00+06:00,send_money,h50_1,500,1200,0
u50,2026-04-04T13:00:00+06:00,mobile_recharge,h50_2,700,700,0
u50,2026-04-08T21:00:00+06:00,receive,h50_3,1000,0,
u50,2026-04-11T05:00:00+06:00,send_money,h50_0,350,1000,0
u50,2026-04-12T21:00:00+06:00,mobile_recharge,h50_1,350,650,0
u50,2026-04-14T09:00:00+06:00,send_money,h50_0,300,300,0
u50,2026-04-15T07:00:00+06:00,receive,h50_2,1000,0,
u50,2026-04-17T15:00:00+06:00,send_money,h50_1,350,1000,0
u50,2026-04-19T09:00:00+06:00,merchant_payment,h50_0,350,650,0
u50,2026-04-21T14:00:00+06:00,receive,h50_2,2000,300,
u50,2026-04-23T15:00:00+06:00,send_money,h50_3,500,2300,0
u50,2026-04-24T11:00:00+06:00,send_money,h50_0,200,1800,0
u50,2026-04-26T10:00:00+06:00,receive,h50_0,500,1600,
u50,2026-04-28T10:00:00+06:00,send_money,h50_1,500,2100,0
u50,2026-04-30T06:00:00+06:00,receive,h50_3,500,1600,
u50,2026-05-02T00:00:00+06:00,mobile_recharge,h50_2,500,2100,0
u50,2026-05-02T23:00:00+06:00,send_money,x67928,1600,1600,1
u51,2026-03-01T19:00:00+06:00,receive,h51_2,1000,5405,
u51,2026-03-04T01:00:00+06:00,send_money,h51_0,500,6405,0
u51,2026-03-04T16:00:00+06:00,send_money,h51_1,200,5905,0
u51,2026-03-05T12:00:00+06:00,mobile_recharge,h51_0,800,5705,0
u51,2026-03-07T02:00:00+06:00,send_money,h51_3,350,4905,0
u51,2026-03-08T19:00:00+06:00,mobile_recharge,h51_2,200,4555,0
u51,2026-03-11T03:00:00+06:00,merchant_payment,h51_3,1000,4355,0
u51,2026-03-12T18:00:00+06:00,mobile_recharge,h51_1,1000,3355,0
u51,2026-03-14T05:00:00+06:00,receive,h51_1,1000,2355,
u51,2026-03-16T08:00:00+06:00,receive,h51_2,3000,3355,
u51,2026-03-18T17:00:00+06:00,send_money,h51_1,350,6355,0
u51,2026-03-20T01:00:00+06:00,merchant_payment,h51_0,800,6005,0
u51,2026-03-21T19:00:00+06:00,merchant_payment,h51_1,500,5205,0
u51,2026-03-22T04:00:00+06:00,mobile_recharge,h51_2,350,4705,0
u51,2026-03-22T17:00:00+06:00,receive,h51_0,1000,4355,
u51,2026-03-24T20:00:00+06:00,receive,h51_1,1000,5355,
u51,2026-03-26T10:00:00+06:00,receive,h51_1,2000,6355,
u51,2026-03-27T20:00:00+06:00,receive,h51_2,500,8355,
u51,2026-03-28T18:00:00+06:00,receive,h51_1,2000,8855,
u51,2026-03-29T01:00:00+06:00,mobile_recharge,h51_0,800,10855,0
u51,2026-03-29T13:00:00+06:00,receive,h51_3,1000,10055,
u51,2026-03-30T06:00:00+06:00,receive,h51_1,2000,11055,
u51,2026-03-31T01:00:00+06:00,send_money,h51_2,500,13055,0
u51,2026-04-01T03:00:00+06:00,merchant_payment,h51_2,350,12555,0
u51,2026-04-01T17:00:00+06:00,receive,h51_3,3000,12205,
u51,2026-04-02T22:00:00+06:00,send_money,h51_0,1000,15205,0
u51,2026-04-03T16:00:00+06:00,receive,h51_3,3000,14205,
u51,2026-04-04T14:00:00+06:00,receive,h51_3,3000,17205,
u51,2026-04-06T23:00:00+06:00,receive,h51_2,500,20205,
u51,2026-04-07T05:00:00+06:00,receive,h51_0,2000,20705,
u51,2026-04-08T12:00:00+06:00,send_money,h51_0,350,22705,0
u51,2026-04-11T00:00:00+06:00,send_money,h51_3,500,22355,0
u51,2026-04-13T04:00:00+06:00,send_money,h51_0,800,21855,0
u51,2026-04-15T03:00:00+06:00,send_money,x496519,8285,21055,1
u51,2026-04-17T20:00:00+06:00,send_money,h51_1,800,12770,0
u51,2026-04-18T11:00:00+06:00,receive,h51_2,1000,11970,
u51,2026-04-19T12:00:00+06:00,mobile_recharge,h51_3,200,12970,0
u51,2026-04-20T23:00:00+06:00,send_money,x711638,10185,12770,1
u51,2026-04-22T13:00:00+06:00,send_money,h51_3,800,2585,0
u51,2026-04-22T22:00:00+06:00,send_money,h51_2,500,1785,0
u51,2026-04-24T08:00:00+06:00,send_money,h51_3,350,1285,0
u51,2026-04-26T01:00:00+06:00,send_money,x511791,935,935,1
u52,2026-03-04T08:00:00+06:00,mobile_recharge,h52_0,350,3890,0
u52,2026-03-05T03:00:00+06:00,receive,h52_1,2000,3540,
u52,2026-03-06T00:00:00+06:00,send_money,h52_1,350,5540,0
u52,2026-03-06T21:00:00+06:00,merchant_payment,h52_1,350,5190,0
u52,2026-03-07T05:00:00+06:00,receive,h52_1,1000,4840,
u52,2026-03-08T17:00:00+06:00,send_money,h52_1,500,5840,0
u52,2026-03-09T19:00:00+06:00,receive,h52_1,500,5340,
u52,2026-03-11T20:00:00+06:00,mobile_recharge,h52_1,1000,5840,0
u52,2026-03-14T05:00:00+06:00,send_money,h52_2,1000,4840,0
u52,2026-03-15T09:00:00+06:00,receive,h52_1,1000,3840,
u52,2026-03-16T17:00:00+06:00,send_money,h52_1,350,4840,0
u52,2026-03-18T07:00:00+06:00,mobile_recharge,h52_2,800,4490,0
u52,2026-03-19T02:00:00+06:00,mobile_recharge,h52_2,500,3690,0
u52,2026-03-20T00:00:00+06:00,receive,h52_2,1000,3190,
u52,2026-03-21T12:00:00+06:00,receive,h52_3,500,4190,
u52,2026-03-22T09:00:00+06:00,receive,h52_1,1000,4690,
u52,2026-03-22T17:00:00+06:00,merchant_payment,h52_3,500,5690,0
u52,2026-03-23T04:00:00+06:00,send_money,h52_2,350,5190,0
u52,2026-03-24T10:00:00+06:00,receive,h52_1,1000,4840,
u52,2026-03-26T11:00:00+06:00,mobile_recharge,h52_1,1000,5840,0
u52,2026-03-27T08:00:00+06:00,merchant_payment,h52_2,800,4840,0
u52,2026-03-29T18:00:00+06:00,receive,h52_2,3000,4040,
u52,2026-04-01T00:00:00+06:00,receive,h52_3,1000,7040,
u52,2026-04-03T04:00:00+06:00,receive,h52_1,1000,8040,
u52,2026-04-04T22:00:00+06:00,merchant_payment,h52_2,800,9040,0
u52,2026-04-07T00:00:00+06:00,mobile_recharge,h52_3,500,8240,0
u52,2026-04-09T03:00:00+06:00,merchant_payment,h52_1,800,7740,0
u52,2026-04-10T09:00:00+06:00,send_money,h52_0,500,6940,0
u52,2026-04-12T16:00:00+06:00,receive,h52_2,2000,6440,
u52,2026-04-13T12:00:00+06:00,receive,h52_0,3000,8440,
u52,2026-04-14T21:00:00+06:00,merchant_payment,h52_2,350,11440,0
u52,2026-04-16T04:00:00+06:00,mobile_recharge,h52_1,500,11090,0
u52,2026-04-18T04:00:00+06:00,receive,h52_1,3000,10590,
u52,2026-04-20T10:00:00+06:00,merchant_payment,h52_1,200,13590,0
u52,2026-04-22T13:00:00+06:00,send_money,h52_1,800,13390,0
u52,2026-04-23T12:00:00+06:00,receive,h52_2,1000,12590,
u52,2026-04-25T13:00:00+06:00,mobile_recharge,h52_3,500,13590,0
u52,2026-04-26T03:00:00+06:00,send_money,x919067,13090,13090,1
u52,2026-04-26T21:00:00+06:00,receive,h52_0,500,0,
u52,2026-04-27T14:00:00+06:00,merchant_payment,h52_2,500,500,0
u52,2026-05-04T13:00:00+06:00,receive,h52_2,2000,0,
u53,2026-03-05T01:00:00+06:00,mobile_recharge,h53_1,500,10904,0
u53,2026-03-05T10:00:00+06:00,receive,h53_0,500,10404,
u53,2026-03-06T20:00:00+06:00,receive,h53_1,1000,10904,
u53,2026-03-07T06:00:00+06:00,send_money,h53_1,1000,11904,0
u53,2026-03-08T07:00:00+06:00,send_money,h53_1,350,10904,0
u53,2026-03-10T19:00:00+06:00,send_money,h53_0,1000,10554,0
u53,2026-03-12T15:00:00+06:00,send_money,h53_3,1000,9554,0
u53,2026-03-13T18:00:00+06:00,receive,h53_3,3000,8554,
u53,2026-03-15T10:00:00+06:00,send_money,h53_2,500,11554,0
u53,2026-03-16T21:00:00+06:00,send_money,h53_2,800,11054,0
u53,2026-03-19T03:00:00+06:00,mobile_recharge,h53_0,200,10254,0
u53,2026-03-21T06:00:00+06:00,receive,h53_1,2000,10054,
u53,2026-03-22T21:00:00+06:00,receive,h53_2,1000,12054,
u53,2026-03-24T11:00:00+06:00,receive,h53_3,500,13054,
u53,2026-03-25T05:00:00+06:00,receive,h53_0,1000,13554,
u53,2026-03-27T00:00:00+06:00,send_money,h53_2,1000,14554,0
u53,2026-03-29T02:00:00+06:00,send_money,h53_2,350,13554,0
u53,2026-03-30T16:00:00+06:00,send_money,h53_1,1000,13204,0
u53,2026-03-31T05:00:00+06:00,mobile_recharge,h53_1,500,12204,0
u53,2026-04-01T13:00:00+06:00,mobile_recharge,h53_3,350,11704,0
u53,2026-04-02T21:00:00+06:00,merchant_payment,h53_1,200,11354,0
u53,2026-04-03T19:00:00+06:00,send_money,h53_0,800,11154,0
u53,2026-04-05T03:00:00+06:00,send_money,h53_3,800,10354,0
u53,2026-04-06T16:00:00+06:00,merchant_payment,h53_0,800,9554,0
u53,2026-04-07T16:00:00+06:00,merchant_payment,h53_1,800,8754,0
u53,2026-04-09T10:00:00+06:00,receive,h53_3,3000,7954,
u53,2026-04-11T22:00:00+06:00,receive,h53_1,1000,10954,
u53,2026-04-13T11:00:00+06:00,mobile_recharge,h53_0,200,11954,0
u53,2026-04-13T22:00:00+06:00,send_money,h53_1,350,11754,0
u53,2026-04-15T23:00:00+06:00,send_money,x386113,11404,11404,1
u53,2026-04-23T06:00:00+06:00,receive,h53_2,2000,0,
u53,2026-04-24T19:00:00+06:00,mobile_recharge,h53_3,1000,2000,0
u53,2026-04-26T02:00:00+06:00,send_money,x229217,1000,1000,1
u53,2026-05-03T09:00:00+06:00,receive,h53_3,500,0,
u53,2026-05-05T07:00:00+06:00,receive,h53_2,1000,500,
u53,2026-05-07T02:00:00+06:00,send_money,x423239,1500,1500,1
u53,2026-05-08T03:00:00+06:00,receive,h53_1,1000,0,
u54,2026-03-04T11:00:00+06:00,mobile_recharge,h54_0,350,19252,0
u54,2026-03-05T09:00:00+06:00,receive,h54_2,1000,18902,
u54,2026-03-06T14:00:00+06:00,mobile_recharge,h54_3,350,19902,0
u54,2026-03-08T14:00:00+06:00,mobile_recharge,h54_0,800,19552,0
u54,2026-03-09T14:00:00+06:00,receive,h54_3,1000,18752,
u54,2026-03-11T21:00:00+06:00,send_money,h54_1,350,19752,0
u54,2026-03-13T00:00:00+06:00,send_money,h54_3,500,19402,0
u54,2026-03-13T23:00:00+06:00,send_money,x988035,5784,18902,1
u54,2026-03-15T16:00:00+06:00,mobile_recharge,h54_3,1000,13118,0
u54,2026-03-17T22:00:00+06:00,receive,h54_0,3000,12118,
u54,2026-03-19T08:00:00+06:00,send_money,h54_0,800,15118,0
u54,2026-03-21T00:00:00+06:00,merchant_payment,h54_1,350,14318,0
u54,2026-03-22T03:00:00+06:00,send_money,x119040,4896,13968,1
u54,2026-03-23T14:00:00+06:00,send_money,h54_2,1000,9072,0
u54,2026-03-25T13:00:00+06:00,receive,h54_2,3000,8072,
u54,2026-03-27T06:00:00+06:00,merchant_payment,h54_1,800,11072,0
u54,2026-03-28T21:00:00+06:00,mobile_recharge,h54_3,800,10272,0
u54,2026-03-29T02:00:00+06:00,send_money,x988093,9472,9472,1
u54,2026-04-02T06:00:00+06:00,receive,h54_1,2000,0,
u54,2026-04-03T15:00:00+06:00,merchant_payment,h54_2,500,2000,0
u54,2026-04-05T22:00:00+06:00,receive,h54_1,3000,1500,
u54,2026-04-07T18:00:00+06:00,receive,h54_2,1000,4500,
u54,2026-04-09T22:00:00+06:00,receive,h54_1,3000,5500,
u54,2026-04-11T14:00:00+06:00,send_money,h54_2,500,8500,0
u54,2026-04-13T15:00:00+06:00,mobile_recharge,h54_0,200,8000,0
u54,2026-04-14T03:00:00+06:00,receive,h54_1,3000,7800,
u54,2026-04-15T18:00:00+06:00,mobile_recharge,h54_3,200,10800,0
u54,2026-04-16T02:00:00+06:00,send_money,x41214,3464,10600,1
u54,2026-04-18T04:00:00+06:00,merchant_payment,h54_0,350,7136,0
u54,2026-04-18T11:00:00+06:00,merchant_payment,h54_3,500,6786,0
u54,2026-04-20T15:00:00+06:00,send_money,h54_0,800,6286,0
u54,2026-04-21T09:00:00+06:00,send_money,h54_2,500,5486,0
u54,2026-04-22T00:00:00+06:00,send_money,h54_0,200,4986,0
u54,2026-04-22T14:00:00+06:00,mobile_recharge,h54_1,500,4786,0
u54,2026-04-23T00:00:00+06:00,send_money,h54_0,200,4286,0
u54,2026-04-23T14:00:00+06:00,mobile_recharge,h54_3,800,4086,0
u54,2026-04-23T23:00:00+06:00,send_money,x542586,3286,3286,1
u54,2026-04-27T18:00:00+06:00,receive,h54_0,1000,0,
u54,2026-04-29T21:00:00+06:00,receive,h54_0,500,1000,
u54,2026-05-02T08:00:00+06:00,send_money,h54_3,1000,1500,0
u54,2026-05-04T14:00:00+06:00,mobile_recharge,h54_1,500,500,0
u55,2026-03-05T13:00:00+06:00,merchant_payment,h55_2,200,3404,0
u55,2026-03-07T21:00:00+06:00,merchant_payment,h55_0,800,3204,0
u55,2026-03-10T05:00:00+06:00,receive,h55_1,2000,2404,
u55,2026-03-11T17:00:00+06:00,mobile_recharge,h55_2,200,4404,0
u55,2026-03-12T16:00:00+06:00,merchant_payment,h55_0,350,4204,0
u55,2026-03-14T21:00:00+06:00,receive,h55_1,2000,3854,
u55,2026-03-16T06:00:00+06:00,send_money,h55_3,1000,5854,0
u55,2026-03-17T16:00:00+06:00,merchant_payment,h55_0,1000,4854,0
u55,2026-03-19T21:00:00+06:00,merchant_payment,h55_2,350,3854,0
u55,2026-03-21T01:00:00+06:00,receive,h55_3,500,3504,
u55,2026-03-22T21:00:00+06:00,send_money,h55_2,350,4004,0
u55,2026-03-23T10:00:00+06:00,mobile_recharge,h55_3,200,3654,0
u55,2026-03-25T08:00:00+06:00,send_money,h55_1,500,3454,0
u55,2026-03-27T16:00:00+06:00,send_money,h55_2,800,2954,0
u55,2026-03-29T03:00:00+06:00,merchant_payment,h55_0,200,2154,0
u55,2026-03-30T23:00:00+06:00,send_money,h55_3,1000,1954,0
u55,2026-03-31T23:00:00+06:00,send_money,h55_2,500,954,0
u55,2026-04-02T08:00:00+06:00,send_money,h55_2,350,454,0
u55,2026-04-03T22:00:00+06:00,send_money,h55_0,104,104,0
u55,2026-04-14T08:00:00+06:00,receive,h55_3,3000,0,
u55,2026-04-15T21:00:00+06:00,mobile_recharge,h55_1,1000,3000,0
u55,2026-04-16T22:00:00+06:00,send_money,h55_0,200,2000,0
u55,2026-04-18T04:00:00+06:00,mobile_recharge,h55_1,350,1800,0
u55,2026-04-20T15:00:00+06:00,receive,h55_0,1000,1450,
u55,2026-04-22T02:00:00+06:00,send_money,h55_0,350,2450,0
u55,2026-04-22T23:00:00+06:00,mobile_recharge,h55_2,350,2100,0
u55,2026-04-24T13:00:00+06:00,merchant_payment,h55_2,200,1750,0
u55,2026-04-25T00:00:00+06:00,receive,h55_1,500,1550,
u55,2026-04-26T16:00:00+06:00,mobile_recharge,h55_2,500,2050,0
u55,2026-04-28T08:00:00+06:00,mobile_recharge,h55_3,800,1550,0
u55,2026-04-30T20:00:00+06:00,send_money,h55_2,750,750,0
u55,2026-05-02T01:00:00+06:00,receive,h55_0,3000,0,
u55,2026-05-04T05:00:00+06:00,send_money,h55_3,500,3000,0
u55,2026-05-05T18:00:00+06:00,mobile_recharge,h55_3,1000,2500,0
u55,2026-05-07T04:00:00+06:00,send_money,h55_0,200,1500,0
u55,2026-05-09T16:00:00+06:00,send_money,h55_2,350,1300,0
u55,2026-05-11T21:00:00+06:00,send_money,h55_1,200,950,0
u56,2026-03-03T23:00:00+06:00,send_money,h56_2,350,10298,0
u56,2026-03-04T22:00:00+06:00,receive,h56_3,2000,9948,
u56,2026-03-07T23:00:00+06:00,send_money,x519534,11948,11948,1
u56,2026-03-10T09:00:00+06:00,receive,h56_3,1000,0,
u56,2026-03-11T13:00:00+06:00,receive,h56_2,2000,1000,
u56,2026-03-13T05:00:00+06:00,send_money,h56_1,350,3000,0
u56,2026-03-14T11:00:00+06:00,receive,h56_0,2000,2650,
u56,2026-03-15T23:00:00+06:00,send_money,x201262,4650,4650,1
u56,2026-03-20T04:00:00+06:00,receive,h56_3,1000,0,
u56,2026-03-21T12:00:00+06:00,receive,h56_2,500,1000,
u56,2026-03-22T03:00:00+06:00,receive,h56_1,1000,1500,
u56,2026-03-24T15:00:00+06:00,send_money,h56_3,350,2500,0
u56,2026-03-26T04:00:00+06:00,receive,h56_3,1000,2150,
u56,2026-03-28T14:00:00+06:00,merchant_payment,h56_2,200,3150,0
u56,2026-03-30T18:00:00+06:00,mobile_recharge,h56_2,800,2950,0
u56,2026-03-31T20:00:00+06:00,send_money,h56_1,200,2150,0
u56,2026-04-02T23:00:00+06:00,mobile_recharge,h56_0,200,1950,0
u56,2026-04-03T19:00:00+06:00,mobile_recharge,h56_2,800,1750,0
u56,2026-04-04T16:00:00+06:00,merchant_payment,h56_1,350,950,0
u56,2026-04-06T23:00:00+06:00,mobile_recharge,h56_2,600,600,0
u56,2026-04-15T06:00:00+06:00,receive,h56_3,500,0,
u56,2026-04-16T22:00:00+06:00,receive,h56_3,2000,500,
u56,2026-04-18T22:00:00+06:00,mobile_recharge,h56_1,500,2500,0
u56,2026-04-20T07:00:00+06:00,send_money,h56_1,200,2000,0
u56,2026-04-21T10:00:00+06:00,receive,h56_1,1000,1800,
u56,2026-04-23T02:00:00+06:00,mobile_recharge,h56_2,800,2800,0
u56,2026-04-23T20:00:00+06:00,receive,h56_1,3000,2000,
u56,2026-04-24T05:00:00+06:00,mobile_recharge,h56_2,350,5000,0
u56,2026-04-26T15:00:00+06:00,merchant_payment,h56_1,350,4650,0
u56,2026-04-28T11:00:00+06:00,merchant_payment,h56_0,500,4300,0
u56,2026-04-29T18:00:00+06:00,receive,h56_2,3000,3800,
u56,2026-05-01T21:00:00+06:00,receive,h56_2,2000,6800,
u56,2026-05-03T06:00:00+06:00,receive,h56_1,2000,8800,
u56,2026-05-04T05:00:00+06:00,receive,h56_2,3000,10800,
u56,2026-05-05T09:00:00+06:00,send_money,h56_2,1000,13800,0
u56,2026-05-07T01:00:00+06:00,merchant_payment,h56_0,200,12800,0
u57,2026-03-02T15:00:00+06:00,send_money,h57_3,800,11043,0
u57,2026-03-02T02:00:00+06:00,send_money,x834732,10243,10243,1
u57,2026-03-13T04:00:00+06:00,receive,h57_1,3000,0,
u57,2026-03-15T10:00:00+06:00,mobile_recharge,h57_2,350,3000,0
u57,2026-03-15T18:00:00+06:00,send_money,h57_1,1000,2650,0
u57,2026-03-16T15:00:00+06:00,send_money,h57_0,200,1650,0
u57,2026-03-18T06:00:00+06:00,send_money,h57_0,200,1450,0
u57,2026-03-20T05:00:00+06:00,receive,h57_0,500,1250,
u57,2026-03-22T00:00:00+06:00,send_money,h57_0,800,1750,0
u57,2026-03-22T11:00:00+06:00,receive,h57_0,3000,950,
u57,2026-03-23T13:00:00+06:00,mobile_recharge,h57_0,200,3950,0
u57,2026-03-24T02:00:00+06:00,send_money,x749080,3750,3750,1
u57,2026-03-31T19:00:00+06:00,receive,h57_0,1000,0,
u57,2026-04-02T20:00:00+06:00,mobile_recharge,h57_0,500,1000,0
u57,2026-04-03T08:00:00+06:00,send_money,h57_1,500,500,0
u57,2026-04-05T20:00:00+06:00,receive,h57_0,500,0,
u57,2026-04-07T14:00:00+06:00,send_money,h57_1,350,500,0
u57,2026-04-09T09:00:00+06:00,send_money,h57_3,150,150,0
u57,2026-04-16T00:00:00+06:00,receive,h57_3,1000,0,
u57,2026-04-18T09:00:00+06:00,merchant_payment,h57_1,1000,1000,0
u57,2026-04-30T13:00:00+06:00,receive,h57_0,500,0,
u57,2026-05-01T22:00:00+06:00,merchant_payment,h57_3,500,500,0
u58,2026-03-04T12:00:00+06:00,send_money,h58_2,500,19045,0
u58,2026-03-06T18:00:00+06:00,receive,h58_3,2000,18545,
u58,2026-03-07T12:00:00+06:00,mobile_recharge,h58_1,1000,20545,0
u58,2026-03-08T18:00:00+06:00,mobile_recharge,h58_0,1000,19545,0
u58,2026-03-09T17:00:00+06:00,send_money,h58_0,1000,18545,0
u58,2026-03-12T01:00:00+06:00,send_money,h58_3,1000,17545,0
u58,2026-03-13T12:00:00+06:00,merchant_payment,h58_3,350,16545,0
u58,2026-03-14T13:00:00+06:00,merchant_payment,h58_0,200,16195,0
u58,2026-03-15T14:00:00+06:00,receive,h58_1,1000,15995,
u58,2026-03-16T06:00:00+06:00,merchant_payment,h58_1,200,16995,0
u58,2026-03-16T22:00:00+06:00,receive,h58_2,500,16795,
u58,2026-03-17T14:00:00+06:00,send_money,h58_3,1000,17295,0
u58,2026-03-17T21:00:00+06:00,send_money,h58_2,200,16295,0
u58,2026-03-18T22:00:00+06:00,mobile_recharge,h58_3,350,16095,0
u58,2026-03-19T08:00:00+06:00,send_money,h58_2,800,15745,0
u58,2026-03-20T09:00:00+06:00,merchant_payment,h58_1,200,14945,0
u58,2026-03-22T20:00:00+06:00,send_money,h58_0,500,14745,0
u58,2026-03-24T06:00:00+06:00,send_money,h58_3,200,14245,0
u58,2026-03-26T15:00:00+06:00,receive,h58_3,2000,14045,
u58,2026-03-28T18:00:00+06:00,send_money,h58_0,350,16045,0
u58,2026-03-29T16:00:00+06:00,receive,h58_3,1000,15695,
u58,2026-03-30T16:00:00+06:00,merchant_payment,h58_2,350,16695,0
u58,2026-04-01T00:00:00+06:00,merchant_payment,h58_1,200,16345,0
u58,2026-04-03T04:00:00+06:00,send_money,h58_1,500,16145,0
u58,2026-04-03T11:00:00+06:00,merchant_payment,h58_3,1000,15645,0
u58,2026-04-05T11:00:00+06:00,merchant_payment,h58_1,1000,14645,0
u58,2026-04-05T20:00:00+06:00,merchant_payment,h58_0,1000,13645,0
u58,2026-04-07T01:00:00+06:00,send_money,h58_0,1000,12645,0
u58,2026-04-09T11:00:00+06:00,mobile_recharge,h58_1,350,11645,0
u58,2026-04-11T05:00:00+06:00,receive,h58_3,1000,11295,
u58,2026-04-12T03:00:00+06:00,receive,h58_0,3000,12295,
u58,2026-04-13T05:00:00+06:00,send_money,h58_2,200,15295,0
u58,2026-04-14T03:00:00+06:00,send_money,h58_1,800,15095,0
u58,2026-04-16T15:00:00+06:00,send_money,h58_3,350,14295,0
u58,2026-04-17T00:00:00+06:00,receive,h58_1,1000,13945,
u58,2026-04-18T02:00:00+06:00,send_money,h58_3,350,14945,0
u58,2026-04-20T14:00:00+06:00,merchant_payment,h58_2,200,14595,0
u58,2026-04-21T05:00:00+06:00,mobile_recharge,h58_3,350,14395,0
u58,2026-04-21T12:00:00+06:00,merchant_payment,h58_1,200,14045,0
u58,2026-04-23T02:00:00+06:00,send_money,x910202,9569,13845,1
u58,2026-04-25T00:00:00+06:00,merchant_payment,h58_0,350,4276,0
u58,2026-04-27T03:00:00+06:00,send_money,x62437,3926,3926,1
u58,2026-04-29T12:00:00+06:00,receive,h58_0,500,0,
u58,2026-04-30T20:00:00+06:00,send_money,h58_3,350,500,0
u59,2026-03-02T19:00:00+06:00,send_money,h59_1,350,5664,0
u59,2026-03-05T05:00:00+06:00,receive,h59_3,3000,5314,
u59,2026-03-07T06:00:00+06:00,mobile_recharge,h59_3,500,8314,0
u59,2026-03-08T11:00:00+06:00,mobile_recharge,h59_2,1000,7814,0
u59,2026-03-09T05:00:00+06:00,send_money,h59_3,1000,6814,0
u59,2026-03-11T04:00:00+06:00,merchant_payment,h59_1,350,5814,0
u59,2026-03-11T23:00:00+06:00,send_money,x623378,5464,5464,1
u59,2026-03-17T09:00:00+06:00,receive,h59_3,2000,0,
u59,2026-03-18T10:00:00+06:00,send_money,h59_3,1000,2000,0
u59,2026-03-19T09:00:00+06:00,mobile_recharge,h59_1,1000,1000,0
u59,2026-03-20T11:00:00+06:00,receive,h59_1,500,0,
u59,2026-03-21T19:00:00+06:00,merchant_payment,h59_2,500,500,0
u59,2026-03-23T21:00:00+06:00,receive,h59_3,1000,0,
u59,2026-03-24T23:00:00+06:00,send_money,h59_3,500,1000,0
u59,2026-03-26T03:00:00+06:00,merchant_payment,h59_1,500,500,0
u59,2026-03-29T08:00:00+06:00,receive,h59_0,2000,0,
u59,2026-03-31T17:00:00+06:00,mobile_recharge,h59_1,800,2000,0
u59,2026-04-02T12:00:00+06:00,merchant_payment,h59_3,800,1200,0
u59,2026-04-04T15:00:00+06:00,receive,h59_2,1000,400,
u59,2026-04-05T16:00:00+06:00,send_money,h59_1,1000,1400,0
u59,2026-04-07T17:00:00+06:00,receive,h59_3,2000,400,
u59,2026-04-08T03:00:00+06:00,merchant_payment,h59_1,500,2400,0
u59,2026-04-08T18:00:00+06:00,mobile_recharge,h59_2,350,1900,0
u59,2026-04-11T00:00:00+06:00,merchant_payment,h59_2,1000,1550,0
u59,2026-04-13T06:00:00+06:00,mobile_recharge,h59_3,350,550,0
u59,2026-04-15T05:00:00+06:00,send_money,h59_2,200,200,0
u59,2026-04-16T10:00:00+06:00,receive,h59_3,1000,0,
u59,2026-04-17T00:00:00+06:00,mobile_recharge,h59_3,200,1000,0
u59,2026-04-17T15:00:00+06:00,merchant_payment,h59_1,800,800,0
u59,2026-04-20T23:00:00+06:00,receive,h59_0,3000,0,
u59,2026-04-22T00:00:00+06:00,mobile_recharge,h59_2,500,3000,0
u59,2026-04-22T11:00:00+06:00,merchant_payment,h59_1,1000,2500,0
u59,2026-04-24T11:00:00+06:00,merchant_payment,h59_3,200,1500,0
u59,2026-04-25T18:00:00+06:00,send_money,h59_2,500,1300,0
u59,2026-04-27T06:00:00+06:00,send_money,h59_3,350,800,0
u59,2026-04-28T11:00:00+06:00,mobile_recharge,h59_1,350,450,0
u59,2026-04-30T21:00:00+06:00,send_money,h59_0,100,100,0
u60,2026-03-03T15:00:00+06:00,merchant_payment,h60_1,800,7598,0
u60,2026-03-04T08:00:00+06:00,send_money,h60_0,200,6798,0
u60,2026-03-06T02:00:00+06:00,receive,h60_0,2000,6598,
u60,2026-03-07T00:00:00+06:00,receive,h60_0,500,8598,
u60,2026-03-08T11:00:00+06:00,send_money,h60_1,1000,9098,0
u60,2026-03-10T19:00:00+06:00,mobile_recharge,h60_2,350,8098,0
u60,2026-03-12T03:00:00+06:00,merchant_payment,h60_2,1000,7748,0
u60,2026-03-12T15:00:00+06:00,receive,h60_0,1000,6748,
u60,2026-03-13T11:00:00+06:00,receive,h60_1,2000,7748,
u60,2026-03-15T01:00:00+06:00,send_money,x152657,7533,9748,1
u60,2026-03-17T21:00:00+06:00,send_money,h60_1,350,2215,0
u60,2026-03-19T20:00:00+06:00,send_money,h60_2,800,1865,0
u60,2026-03-22T00:00:00+06:00,receive,h60_1,3000,1065,
u60,2026-03-23T04:00:00+06:00,send_money,h60_3,1000,4065,0
u60,2026-03-23T15:00:00+06:00,receive,h60_3,3000,3065,
u60,2026-03-24T10:00:00+06:00,merchant_payment,h60_3,1000,6065,0
u60,2026-03-26T01:00:00+06:00,receive,h60_2,2000,5065,
u60,2026-03-27T08:00:00+06:00,send_money,h60_1,500,7065,0
u60,2026-03-27T23:00:00+06:00,receive,h60_0,500,6565,
u60,2026-03-28T21:00:00+06:00,send_money,h60_0,200,7065,0
u60,2026-03-31T01:00:00+06:00,send_money,h60_1,800,6865,0
u60,2026-04-02T06:00:00+06:00,merchant_payment,h60_1,800,6065,0
u60,2026-04-02T21:00:00+06:00,receive,h60_3,3000,5265,
u60,2026-04-05T07:00:00+06:00,send_money,h60_0,500,8265,0
u60,2026-04-05T13:00:00+06:00,receive,h60_3,3000,7765,
u60,2026-04-06T20:00:00+06:00,merchant_payment,h60_2,200,10765,0
u60,2026-04-08T06:00:00+06:00,send_money,h60_3,1000,10565,0
u60,2026-04-10T01:00:00+06:00,receive,h60_1,1000,9565,
u60,2026-04-10T09:00:00+06:00,receive,h60_2,500,10565,
u60,2026-04-12T14:00:00+06:00,send_money,h60_0,500,11065,0
u60,2026-04-13T20:00:00+06:00,send_money,h60_0,500,10565,0
u60,2026-04-15T05:00:00+06:00,send_money,h60_3,500,10065,0
u60,2026-04-15T03:00:00+06:00,send_money,x244309,9565,9565,1
u60,2026-04-21T23:00:00+06:00,receive,h60_0,2000,0,
u60,2026-04-22T07:00:00+06:00,send_money,h60_0,1000,2000,0
u60,2026-04-23T03:00:00+06:00,send_money,x34118,1000,1000,1
u61,2026-03-02T23:00:00+06:00,send_money,h61_2,500,5929,0
u61,2026-03-04T10:00:00+06:00,merchant_payment,h61_1,1000,5429,0
u61,2026-03-05T13:00:00+06:00,merchant_payment,h61_0,200,4429,0
u61,2026-03-06T04:00:00+06:00,merchant_payment,h61_3,350,4229,0
u61,2026-03-08T00:00:00+06:00,receive,h61_0,500,3879,
u61,2026-03-10T03:00:00+06:00,send_money,h61_3,800,4379,0
u61,2026-03-11T00:00:00+06:00,send_money,h61_2,200,3579,0
u61,2026-03-12T00:00:00+06:00,mobile_recharge,h61_3,1000,3379,0
u61,2026-03-14T02:00:00+06:00,mobile_recharge,h61_2,500,2379,0
u61,2026-03-15T03:00:00+06:00,receive,h61_0,1000,1879,
u61,2026-03-17T03:00:00+06:00,send_money,x175142,2879,2879,1
u61,2026-03-20T03:00:00+06:00,receive,h61_2,2000,0,
u61,2026-03-20T12:00:00+06:00,send_money,h61_3,200,2000,0
u61,2026-03-21T03:00:00+06:00,send_money,h61_1,200,1800,0
u61,2026-03-22T03:00:00+06:00,send_money,h61_3,800,1600,0
u61,2026-03-23T10:00:00+06:00,receive,h61_1,500,800,
u61,2026-03-24T01:00:00+06:00,merchant_payment,h61_1,800,1300,0
u61,2026-03-26T04:00:00+06:00,merchant_payment,h61_1,500,500,0
u61,2026-03-29T05:00:00+06:00,receive,h61_3,2000,0,
u61,2026-03-31T12:00:00+06:00,send_money,h61_1,800,2000,0
u61,2026-04-02T02:00:00+06:00,send_money,x447901,1200,1200,1
u61,2026-04-07T04:00:00+06:00,receive,h61_0,500,0,
u61,2026-04-07T01:00:00+06:00,send_money,x612201,500,500,1
u61,2026-04-16T11:00:00+06:00,receive,h61_3,1000,0,
u61,2026-04-17T23:00:00+06:00,mobile_recharge,h61_0,800,1000,0
u61,2026-04-19T17:00:00+06:00,receive,h61_3,2000,200,
u61,2026-04-21T00:00:00+06:00,receive,h61_1,500,2200,
u61,2026-04-23T12:00:00+06:00,receive,h61_3,1000,2700,
u61,2026-04-25T08:00:00+06:00,merchant_payment,h61_2,800,3700,0
u61,2026-04-25T19:00:00+06:00,merchant_payment,h61_2,350,2900,0
u61,2026-04-27T19:00:00+06:00,send_money,h61_2,350,2550,0
u61,2026-04-28T02:00:00+06:00,send_money,x618591,2200,2200,1
u62,2026-03-02T20:00:00+06:00,merchant_payment,h62_1,200,11010,0
u62,2026-03-04T11:00:00+06:00,send_money,h62_1,350,10810,0
u62,2026-03-04T20:00:00+06:00,receive,h62_2,2000,10460,
u62,2026-03-06T23:00:00+06:00,send_money,x163261,12460,12460,1
u62,2026-03-16T14:00:00+06:00,receive,h62_3,2000,0,
u62,2026-03-17T18:00:00+06:00,send_money,h62_1,500,2000,0
u62,2026-03-18T18:00:00+06:00,merchant_payment,h62_3,1000,1500,0
u62,2026-03-19T05:00:00+06:00,receive,h62_3,500,500,
u62,2026-03-20T00:00:00+06:00,send_money,h62_3,500,1000,0
u62,2026-03-20T16:00:00+06:00,receive,h62_2,1000,500,
u62,2026-03-21T12:00:00+06:00,receive,h62_1,500,1500,
u62,2026-03-22T15:00:00+06:00,receive,h62_0,500,2000,
u62,2026-03-23T04:00:00+06:00,receive,h62_3,2000,2500,
u62,2026-03-25T11:00:00+06:00,send_money,h62_0,500,4500,0
u62,2026-03-27T13:00:00+06:00,mobile_recharge,h62_1,800,4000,0
u62,2026-03-29T20:00:00+06:00,send_money,h62_2,800,3200,0
u62,2026-03-30T03:00:00+06:00,send_money,h62_1,800,2400,0
u62,2026-04-01T04:00:00+06:00,mobile_recharge,h62_0,200,1600,0
u62,2026-04-01T21:00:00+06:00,send_money,h62_1,800,1400,0
u62,2026-04-02T10:00:00+06:00,send_money,h62_3,500,600,0
u62,2026-04-03T00:00:00+06:00,send_money,h62_3,100,100,0
u62,2026-04-08T02:00:00+06:00,receive,h62_1,3000,0,
u62,2026-04-09T22:00:00+06:00,receive,h62_1,2000,3000,
u62,2026-04-11T11:00:00+06:00,receive,h62_2,2000,5000,
u62,2026-04-11T19:00:00+06:00,send_money,h62_2,200,7000,0
u62,2026-04-13T01:00:00+06:00,send_money,h62_0,350,6800,0
u62,2026-04-15T11:00:00+06:00,merchant_payment,h62_0,200,6450,0
u62,2026-04-17T14:00:00+06:00,receive,h62_1,2000,6250,
u62,2026-04-18T11:00:00+06:00,receive,h62_1,3000,8250,
u62,2026-04-20T12:00:00+06:00,send_money,h62_0,500,11250,0
u62,2026-04-20T22:00:00+06:00,send_money,h62_1,1000,10750,0
u62,2026-04-21T20:00:00+06:00,send_money,h62_1,500,9750,0
u62,2026-04-22T23:00:00+06:00,send_money,x52850,5425,9250,1
u62,2026-04-23T23:00:00+06:00,send_money,x798306,3825,3825,1
u63,2026-03-04T11:00:00+06:00,receive,h63_3,3000,19934,
u63,2026-03-05T17:00:00+06:00,merchant_payment,h63_1,200,22934,0
u63,2026-03-06T18:00:00+06:00,receive,h63_1,1000,22734,
u63,2026-03-08T17:00:00+06:00,receive,h63_0,3000,23734,
u63,2026-03-09T18:00:00+06:00,mobile_recharge,h63_2,200,26734,0
u63,2026-03-11T23:00:00+06:00,mobile_recharge,h63_1,500,26534,0
u63,2026-03-12T20:00:00+06:00,send_money,h63_0,500,26034,0
u63,2026-03-14T15:00:00+06:00,send_money,h63_0,350,25534,0
u63,2026-03-14T23:00:00+06:00,receive,h63_2,3000,25184,
u63,2026-03-16T02:00:00+06:00,send_money,x715469,5396,28184,1
u63,2026-03-18T06:00:00+06:00,mobile_recharge,h63_2,350,22788,0
u63,2026-03-20T17:00:00+06:00,receive,h63_3,3000,22438,
u63,2026-03-22T01:00:00+06:00,mobile_recharge,h63_1,500,25438,0
u63,2026-03-24T08:00:00+06:00,mobile_recharge,h63_3,200,24938,0
u63,2026-03-26T03:00:00+06:00,receive,h63_3,3000,24738,
u63,2026-03-27T15:00:00+06:00,send_money,h63_3,500,27738,0
u63,2026-03-30T00:00:00+06:00,send_money,h63_0,500,27238,0
u63,2026-04-01T00:00:00+06:00,send_money,h63_2,500,26738,0
u63,2026-04-02T08:00:00+06:00,receive,h63_0,3000,26238,
u63,2026-04-02T14:00:00+06:00,mobile_recharge,h63_3,500,29238,0
u63,2026-04-03T12:00:00+06:00,merchant_payment,h63_0,1000,28738,0
u63,2026-04-04T02:00:00+06:00,send_money,h63_3,800,27738,0
u63,2026-04-05T09:00:00+06:00,mobile_recharge,h63_0,350,26938,0
u63,2026-04-05T16:00:00+06:00,receive,h63_3,1000,26588,
u63,2026-04-06T21:00:00+06:00,merchant_payment,h63_0,1000,27588,0
u63,2026-04-08T06:00:00+06:00,receive,h63_0,2000,26588,
u63,2026-04-09T22:00:00+06:00,receive,h63_3,1000,28588,
u63,2026-04-11T09:00:00+06:00,mobile_recharge,h63_3,800,29588,0
u63,2026-04-13T03:00:00+06:00,send_money,x449326,4992,28788,1
u63,2026-04-14T19:00:00+06:00,send_money,h63_1,1000,23796,0
u63,2026-04-16T22:00:00+06:00,mobile_recharge,h63_1,1000,22796,0
u63,2026-04-18T05:00:00+06:00,mobile_recharge,h63_0,500,21796,0
u63,2026-04-19T14:00:00+06:00,send_money,h63_0,200,21296,0
u63,2026-04-21T13:00:00+06:00,receive,h63_1,2000,21096,
u63,2026-04-23T02:00:00+06:00,receive,h63_1,3000,23096,
u63,2026-04-25T05:00:00+06:00,send_money,h63_0,200,26096,0
u63,2026-04-25T23:00:00+06:00,mobile_recharge,h63_2,500,25896,0
u63,2026-04-27T17:00:00+06:00,mobile_recharge,h63_3,1000,25396,0
u63,2026-04-29T00:00:00+06:00,send_money,h63_1,500,24396,0
u63,2026-04-29T06:00:00+06:00,receive,h63_3,3000,23896,
u63,2026-04-29T14:00:00+06:00,send_money,h63_3,350,26896,0
u63,2026-04-30T11:00:00+06:00,send_money,h63_1,500,26546,0
u63,2026-04-30T20:00:00+06:00,send_money,h63_2,800,26046,0
u63,2026-05-03T03:00:00+06:00,mobile_recharge,h63_1,350,25246,0
u63,2026-05-05T23:00:00+06:00,send_money,x369176,4279,24896,1
u64,2026-03-04T03:00:00+06:00,mobile_recharge,h64_3,350,10614,0
u64,2026-03-04T09:00:00+06:00,send_money,h64_1,800,10264,0
u64,2026-03-06T12:00:00+06:00,merchant_payment,h64_2,1000,9464,0
u64,2026-03-06T18:00:00+06:00,send_money,h64_0,500,8464,0
u64,2026-03-08T20:00:00+06:00,send_money,h64_3,200,7964,0
u64,2026-03-09T14:00:00+06:00,merchant_payment,h64_0,350,7764,0
u64,2026-03-10T00:00:00+06:00,mobile_recharge,h64_1,800,7414,0
u64,2026-03-10T21:00:00+06:00,receive,h64_0,3000,6614,
u64,2026-03-12T02:00:00+06:00,merchant_payment,h64_3,200,9614,0
u64,2026-03-13T09:00:00+06:00,merchant_payment,h64_1,200,9414,0
u64,2026-03-13T22:00:00+06:00,receive,h64_3,1000,9214,
u64,2026-03-14T22:00:00+06:00,send_money,h64_1,1000,10214,0
u64,2026-03-16T10:00:00+06:00,send_money,h64_0,200,9214,0
u64,2026-03-16T18:00:00+06:00,receive,h64_0,3000,9014,
u64,2026-03-17T21:00:00+06:00,merchant_payment,h64_1,1000,12014,0
u64,2026-03-18T18:00:00+06:00,receive,h64_3,3000,11014,
u64,2026-03-21T03:00:00+06:00,mobile_recharge,h64_1,500,14014,0
u64,2026-03-22T07:00:00+06:00,receive,h64_2,2000,13514,
u64,2026-03-24T01:00:00+06:00,send_money,h64_1,350,15514,0
u64,2026-03-26T00:00:00+06:00,send_money,h64_1,1000,15164,0
u64,2026-03-27T02:00:00+06:00,merchant_payment,h64_0,200,14164,0
u64,2026-03-27T23:00:00+06:00,send_money,h64_0,350,13964,0
u64,2026-03-29T16:00:00+06:00,receive,h64_0,2000,13614,
u64,2026-03-31T11:00:00+06:00,send_money,h64_1,500,15614,0
u64,2026-04-02T20:00:00+06:00,mobile_recharge,h64_2,800,15114,0
u64,2026-04-03T19:00:00+06:00,send_money,h64_2,1000,14314,0
u64,2026-04-04T22:00:00+06:00,mobile_recharge,h64_0,1000,13314,0
u64,2026-04-07T00:00:00+06:00,send_money,h64_0,200,12314,0
u64,2026-04-09T07:00:00+06:00,receive,h64_3,3000,12114,
u64,2026-04-11T01:00:00+06:00,send_money,x6142,9957,15114,1
u64,2026-04-12T04:00:00+06:00,receive,h64_0,2000,5157,
u64,2026-04-14T13:00:00+06:00,send_money,h64_1,1000,7157,0
u64,2026-04-15T13:00:00+06:00,receive,h64_2,2000,6157,
u64,2026-04-17T18:00:00+06:00,receive,h64_3,1000,8157,
u64,2026-04-18T16:00:00+06:00,merchant_payment,h64_0,350,9157,0
u64,2026-04-19T04:00:00+06:00,receive,h64_3,1000,8807,
u64,2026-04-21T11:00:00+06:00,send_money,h64_2,1000,9807,0
u64,2026-04-23T04:00:00+06:00,send_money,h64_1,1000,8807,0
u64,2026-04-24T18:00:00+06:00,send_money,h64_2,350,7807,0
u64,2026-04-27T04:00:00+06:00,receive,h64_2,500,7457,
u64,2026-04-27T11:00:00+06:00,send_money,h64_1,800,7957,0
u64,2026-04-28T07:00:00+06:00,mobile_recharge,h64_1,800,7157,0
u64,2026-04-30T19:00:00+06:00,receive,h64_2,2000,6357,
u64,2026-05-02T16:00:00+06:00,receive,h64_3,2000,8357,
u64,2026-05-03T21:00:00+06:00,send_money,h64_1,350,10357,0
u65,2026-03-04T14:00:00+06:00,send_money,h65_2,800,4716,0
u65,2026-03-05T06:00:00+06:00,merchant_payment,h65_2,200,3916,0
u65,2026-03-07T11:00:00+06:00,receive,h65_0,2000,3716,
u65,2026-03-09T05:00:00+06:00,mobile_recharge,h65_1,500,5716,0
u65,2026-03-11T05:00:00+06:00,receive,h65_3,1000,5216,
u65,2026-03-12T00:00:00+06:00,mobile_recharge,h65_1,800,6216,0
u65,2026-03-13T03:00:00+06:00,send_money,h65_2,800,5416,0
u65,2026-03-14T08:00:00+06:00,merchant_payment,h65_0,200,4616,0
u65,2026-03-16T09:00:00+06:00,send_money,h65_2,1000,4416,0
u65,2026-03-17T01:00:00+06:00,send_money,x191002,3416,3416,1
u65,2026-03-21T14:00:00+06:00,receive,h65_1,500,0,
u65,2026-03-23T10:00:00+06:00,send_money,h65_1,350,500,0
u65,2026-03-24T09:00:00+06:00,merchant_payment,h65_3,150,150,0
u65,2026-04-05T11:00:00+06:00,receive,h65_0,3000,0,
u65,2026-04-06T13:00:00+06:00,send_money,h65_0,500,3000,0
u65,2026-04-08T02:00:00+06:00,send_money,x35430,2500,2500,1
u65,2026-04-11T08:00:00+06:00,receive,h65_3,1000,0,
u65,2026-04-12T22:00:00+06:00,receive,h65_0,500,1000,
u65,2026-04-13T13:00:00+06:00,send_money,h65_1,350,1500,0
u65,2026-04-15T17:00:00+06:00,send_money,h65_3,1000,1150,0
u65,2026-04-17T17:00:00+06:00,merchant_payment,h65_3,150,150,0
u65,2026-04-18T13:00:00+06:00,receive,h65_2,1000,0,
u65,2026-04-19T03:00:00+06:00,send_money,x259310,1000,1000,1
u65,2026-04-24T05:00:00+06:00,receive,h65_0,500,0,
u65,2026-04-25T02:00:00+06:00,send_money,x409501,500,500,1
u66,2026-03-03T18:00:00+06:00,receive,h66_0,3000,15318,
u66,2026-03-05T08:00:00+06:00,send_money,h66_2,1000,18318,0
u66,2026-03-06T05:00:00+06:00,send_money,h66_3,800,17318,0
u66,2026-03-07T07:00:00+06:00,merchant_payment,h66_1,1000,16518,0
u66,2026-03-08T15:00:00+06:00,send_money,h66_1,350,15518,0
u66,2026-03-09T08:00:00+06:00,send_money,h66_1,800,15168,0
u66,2026-03-10T22:00:00+06:00,receive,h66_2,2000,14368,
u66,2026-03-11T20:00:00+06:00,mobile_recharge,h66_2,200,16368,0
u66,2026-03-13T06:00:00+06:00,send_money,h66_2,200,16168,0
u66,2026-03-15T02:00:00+06:00,merchant_payment,h66_3,200,15968,0
u66,2026-03-17T05:00:00+06:00,merchant_payment,h66_1,200,15768,0
u66,2026-03-18T01:00:00+06:00,send_money,x703830,12728,15568,1
u66,2026-03-19T01:00:00+06:00,mobile_recharge,h66_3,800,2840,0
u66,2026-03-21T11:00:00+06:00,send_money,h66_0,350,2040,0
u66,2026-03-21T23:00:00+06:00,mobile_recharge,h66_2,1000,1690,0
u66,2026-03-23T06:00:00+06:00,receive,h66_1,2000,690,
u66,2026-03-25T07:00:00+06:00,receive,h66_1,3000,2690,
u66,2026-03-27T17:00:00+06:00,send_money,h66_3,800,5690,0
u66,2026-03-28T17:00:00+06:00,mobile_recharge,h66_1,200,4890,0
u66,2026-03-29T21:00:00+06:00,receive,h66_3,3000,4690,
u66,2026-03-31T10:00:00+06:00,receive,h66_1,2000,7690,
u66,2026-04-01T04:00:00+06:00,send_money,h66_2,350,9690,0
u66,2026-04-02T09:00:00+06:00,receive,h66_1,3000,9340,
u66,2026-04-04T21:00:00+06:00,merchant_payment,h66_2,350,12340,0
u66,2026-04-07T07:00:00+06:00,mobile_recharge,h66_2,500,11990,0
u66,2026-04-09T04:00:00+06:00,mobile_recharge,h66_2,1000,11490,0
u66,2026-04-11T14:00:00+06:00,send_money,h66_2,500,10490,0
u66,2026-04-13T15:00:00+06:00,receive,h66_2,3000,9990,
u66,2026-04-15T10:00:00+06:00,receive,h66_3,1000,12990,
u66,2026-04-17T12:00:00+06:00,mobile_recharge,h66_0,350,13990,0
u66,2026-04-18T12:00:00+06:00,merchant_payment,h66_3,1000,13640,0
u66,2026-04-20T15:00:00+06:00,send_money,h66_1,500,12640,0
u66,2026-04-21T22:00:00+06:00,send_money,h66_2,500,12140,0
u66,2026-04-23T07:00:00+06:00,merchant_payment,h66_1,350,11640,0
u66,2026-04-25T13:00:00+06:00,merchant_payment,h66_3,1000,11290,0
u66,2026-04-27T17:00:00+06:00,receive,h66_2,1000,10290,
u66,2026-04-29T07:00:00+06:00,receive,h66_0,1000,11290,
u66,2026-05-01T13:00:00+06:00,mobile_recharge,h66_3,1000,12290,0
u66,2026-05-03T22:00:00+06:00,mobile_recharge,h66_3,1000,11290,0
u66,2026-05-05T12:00:00+06:00,send_money,h66_3,800,10290,0
u66,2026-05-07T23:00:00+06:00,send_money,x506503,8673,9490,1
u66,2026-05-08T12:00:00+06:00,merchant_payment,h66_2,800,817,0
u66,2026-05-09T14:00:00+06:00,send_money,h66_2,17,17,0
u67,2026-03-05T17:00:00+06:00,mobile_recharge,h67_2,200,14833,0
u67,2026-03-06T08:00:00+06:00,send_money,h67_3,500,14633,0
u67,2026-03-07T17:00:00+06:00,mobile_recharge,h67_2,350,14133,0
u67,2026-03-09T15:00:00+06:00,mobile_recharge,h67_2,500,13783,0
u67,2026-03-11T05:00:00+06:00,send_money,h67_2,500,13283,0
u67,2026-03-13T04:00:00+06:00,send_money,h67_0,350,12783,0
u67,2026-03-14T01:00:00+06:00,send_money,h67_1,350,12433,0
u67,2026-03-16T09:00:00+06:00,mobile_recharge,h67_2,1000,12083,0
u67,2026-03-18T20:00:00+06:00,mobile_recharge,h67_3,800,11083,0
u67,2026-03-20T22:00:00+06:00,send_money,h67_3,1000,10283,0
u67,2026-03-21T22:00:00+06:00,merchant_payment,h67_2,350,9283,0
u67,2026-03-23T11:00:00+06:00,send_money,h67_3,500,8933,0
u67,2026-03-24T22:00:00+06:00,send_money,h67_2,1000,8433,0
u67,2026-03-25T20:00:00+06:00,send_money,h67_0,350,7433,0
u67,2026-03-28T06:00:00+06:00,mobile_recharge,h67_1,800,7083,0
u67,2026-03-28T17:00:00+06:00,merchant_payment,h67_3,800,6283,0
u67,2026-03-29T22:00:00+06:00,send_money,h67_0,800,5483,0
u67,2026-03-31T19:00:00+06:00,mobile_recharge,h67_0,350,4683,0
u67,2026-04-03T01:00:00+06:00,send_money,h67_1,200,4333,0
u67,2026-04-03T10:00:00+06:00,send_money,h67_0,350,4133,0
u67,2026-04-04T07:00:00+06:00,mobile_recharge,h67_1,350,3783,0
u67,2026-04-05T12:00:00+06:00,send_money,h67_2,350,3433,0
u67,2026-04-07T16:00:00+06:00,mobile_recharge,h67_0,350,3083,0
u67,2026-04-09T00:00:00+06:00,merchant_payment,h67_3,1000,2733,0
u67,2026-04-10T01:00:00+06:00,send_money,x126864,1733,1733,1
u67,2026-04-11T20:00:00+06:00,receive,h67_2,3000,0,
u67,2026-04-14T04:00:00+06:00,receive,h67_2,500,3000,
u67,2026-04-15T19:00:00+06:00,send_money,h67_0,200,3500,0
u67,2026-04-18T01:00:00+06:00,merchant_payment,h67_0,1000,3300,0
u67,2026-04-18T08:00:00+06:00,send_money,h67_2,200,2300,0
u67,2026-04-20T17:00:00+06:00,mobile_recharge,h67_3,500,2100,0
u67,2026-04-20T23:00:00+06:00,merchant_payment,h67_1,800,1600,0
u67,2026-04-21T10:00:00+06:00,receive,h67_2,1000,800,
u67,2026-04-23T19:00:00+06:00,receive,h67_3,3000,1800,
u67,2026-04-25T12:00:00+06:00,receive,h67_0,1000,4800,
u67,2026-04-27T14:00:00+06:00,receive,h67_1,3000,5800,
u67,2026-04-27T23:00:00+06:00,receive,h67_2,500,8800,
u67,2026-04-28T06:00:00+06:00,mobile_recharge,h67_1,500,9300,0
u67,2026-04-29T10:00:00+06:00,merchant_payment,h67_1,500,8800,0
u67,2026-05-01T09:00:00+06:00,send_money,h67_2,800,8300,0
u67,2026-05-02T10:00:00+06:00,send_money,h67_2,500,7500,0
u67,2026-05-03T06:00:00+06:00,mobile_recharge,h67_1,500,7000,0
u67,2026-05-03T20:00:00+06:00,send_money,h67_3,350,6500,0
u67,2026-05-06T02:00:00+06:00,receive,h67_0,500,6150,
u67,2026-05-06T13:00:00+06:00,merchant_payment,h67_3,800,6650,0
u68,2026-03-05T03:00:00+06:00,send_money,h68_2,800,10974,0
u68,2026-03-05T20:00:00+06:00,send_money,h68_2,350,10174,0
u68,2026-03-06T05:00:00+06:00,mobile_recharge,h68_2,350,9824,0
u68,2026-03-06T22:00:00+06:00,send_money,h68_0,1000,9474,0
u68,2026-03-07T11:00:00+06:00,send_money,h68_1,1000,8474,0
u68,2026-03-07T22:00:00+06:00,receive,h68_0,3000,7474,
u68,2026-03-08T14:00:00+06:00,mobile_recharge,h68_3,1000,10474,0
u68,2026-03-10T00:00:00+06:00,send_money,h68_1,500,9474,0
u68,2026-03-11T23:00:00+06:00,send_money,h68_3,800,8974,0
u68,2026-03-12T23:00:00+06:00,send_money,h68_0,200,8174,0
u68,2026-03-14T07:00:00+06:00,receive,h68_2,1000,7974,
u68,2026-03-15T00:00:00+06:00,merchant_payment,h68_2,350,8974,0
u68,2026-03-17T07:00:00+06:00,send_money,h68_2,800,8624,0
u68,2026-03-19T01:00:00+06:00,send_money,x776708,7824,7824,1
u68,2026-03-25T15:00:00+06:00,receive,h68_0,2000,0,
u68,2026-03-27T00:00:00+06:00,send_money,h68_1,500,2000,0
u68,2026-03-28T08:00:00+06:00,mobile_recharge,h68_2,500,1500,0
u68,2026-03-29T15:00:00+06:00,receive,h68_3,1000,1000,
u68,2026-03-30T01:00:00+06:00,send_money,x253323,2000,2000,1
u68,2026-04-26T18:00:00+06:00,receive,h68_0,1000,0,
u68,2026-04-27T20:00:00+06:00,send_money,h68_3,350,1000,0
u68,2026-04-29T23:00:00+06:00,send_money,h68_1,350,650,0
u69,2026-03-03T18:00:00+06:00,receive,h69_3,2000,10339,
u69,2026-03-05T10:00:00+06:00,receive,h69_2,1000,12339,
u69,2026-03-06T09:00:00+06:00,receive,h69_0,3000,13339,
u69,2026-03-08T10:00:00+06:00,merchant_payment,h69_1,200,16339,0
u69,2026-03-10T05:00:00+06:00,send_money,h69_0,350,16139,0
u69,2026-03-11T03:00:00+06:00,send_money,x132271,3925,15789,1
u69,2026-03-13T06:00:00+06:00,receive,h69_0,2000,11864,
u69,2026-03-13T20:00:00+06:00,receive,h69_0,3000,13864,
u69,2026-03-16T07:00:00+06:00,receive,h69_1,1000,16864,
u69,2026-03-17T16:00:00+06:00,merchant_payment,h69_0,350,17864,0
u69,2026-03-19T23:00:00+06:00,mobile_recharge,h69_0,1000,17514,0
u69,2026-03-21T05:00:00+06:00,receive,h69_1,3000,16514,
u69,2026-03-21T14:00:00+06:00,send_money,h69_3,200,19514,0
u69,2026-03-23T03:00:00+06:00,receive,h69_2,3000,19314,
u69,2026-03-24T12:00:00+06:00,send_money,h69_2,350,22314,0
u69,2026-03-26T05:00:00+06:00,receive,h69_1,1000,21964,
u69,2026-03-27T03:00:00+06:00,send_money,h69_0,350,22964,0
u69,2026-03-28T06:00:00+06:00,send_money,h69_3,1000,22614,0
u69,2026-03-29T08:00:00+06:00,send_money,h69_3,1000,21614,0
u69,2026-03-31T14:00:00+06:00,merchant_payment,h69_0,1000,20614,0
u69,2026-04-01T12:00:00+06:00,receive,h69_1,500,19614,
u69,2026-04-03T22:00:00+06:00,receive,h69_0,3000,20114,
u69,2026-04-04T12:00:00+06:00,receive,h69_3,3000,23114,
u69,2026-04-06T02:00:00+06:00,receive,h69_2,3000,26114,
u69,2026-04-07T16:00:00+06:00,receive,h69_3,500,29114,
u69,2026-04-08T01:00:00+06:00,merchant_payment,h69_2,200,29614,0
u69,2026-04-10T13:00:00+06:00,merchant_payment,h69_1,200,29414,0
u69,2026-04-11T12:00:00+06:00,mobile_recharge,h69_1,350,29214,0
u69,2026-04-13T02:00:00+06:00,send_money,h69_1,200,28864,0
u69,2026-04-13T10:00:00+06:00,send_money,h69_1,350,28664,0
u69,2026-04-14T03:00:00+06:00,send_money,x172577,7623,28314,1
u69,2026-04-15T10:00:00+06:00,send_money,h69_0,500,20691,0
u69,2026-04-17T12:00:00+06:00,send_money,h69_2,800,20191,0
u69,2026-04-19T19:00:00+06:00,merchant_payment,h69_3,800,19391,0
u69,2026-04-21T03:00:00+06:00,send_money,h69_2,1000,18591,0
u69,2026-04-22T09:00:00+06:00,mobile_recharge,h69_1,200,17591,0
u69,2026-04-24T00:00:00+06:00,receive,h69_3,1000,17391,
u69,2026-04-26T01:00:00+06:00,mobile_recharge,h69_2,1000,18391,0
u69,2026-04-26T07:00:00+06:00,send_money,h69_0,800,17391,0
u69,2026-04-27T02:00:00+06:00,send_money,h69_0,350,16591,0
u69,2026-04-29T05:00:00+06:00,send_money,h69_3,500,16241,0
u69,2026-04-30T19:00:00+06:00,mobile_recharge,h69_2,200,15741,0
u69,2026-05-02T06:00:00+06:00,merchant_payment,h69_3,350,15541,0
u69,2026-05-03T07:00:00+06:00,mobile_recharge,h69_2,1000,15191,0
u69,2026-05-04T21:00:00+06:00,mobile_recharge,h69_2,200,14191,0
u70,2026-03-03T15:00:00+06:00,send_money,h70_1,1000,19531,0
u70,2026-03-05T23:00:00+06:00,send_money,h70_1,350,18531,0
u70,2026-03-07T01:00:00+06:00,send_money,h70_0,350,18181,0
u70,2026-03-09T12:00:00+06:00,receive,h70_3,500,17831,
u70,2026-03-11T23:00:00+06:00,receive,h70_0,1000,18331,
u70,2026-03-13T20:00:00+06:00,send_money,h70_3,350,19331,0
u70,2026-03-15T04:00:00+06:00,send_money,h70_3,200,18981,0
u70,2026-03-15T23:00:00+06:00,send_money,h70_2,200,18781,0
u70,2026-03-18T09:00:00+06:00,send_money,h70_1,350,18581,0
u70,2026-03-20T14:00:00+06:00,mobile_recharge,h70_0,1000,18231,0
u70,2026-03-21T18:00:00+06:00,mobile_recharge,h70_3,800,17231,0
u70,2026-03-24T05:00:00+06:00,merchant_payment,h70_1,1000,16431,0
u70,2026-03-24T14:00:00+06:00,send_money,h70_2,500,15431,0
u70,2026-03-26T00:00:00+06:00,send_money,h70_1,500,14931,0
u70,2026-03-28T08:00:00+06:00,receive,h70_3,3000,14431,
u70,2026-03-29T04:00:00+06:00,send_money,h70_2,200,17431,0
u70,2026-03-31T01:00:00+06:00,send_money,h70_0,1000,17231,0
u70,2026-04-01T08:00:00+06:00,merchant_payment,h70_3,500,16231,0
u70,2026-04-02T02:00:00+06:00,receive,h70_3,500,15731,
u70,2026-04-03T11:00:00+06:00,send_money,h70_0,200,16231,0
u70,2026-04-03T18:00:00+06:00,mobile_recharge,h70_1,350,16031,0
u70,2026-04-04T17:00:00+06:00,send_money,h70_0,200,15681,0
u70,2026-04-07T00:00:00+06:00,receive,h70_1,2000,15481,
u70,2026-04-09T04:00:00+06:00,merchant_payment,h70_1,200,17481,0
u70,2026-04-11T10:00:00+06:00,mobile_recharge,h70_0,800,17281,0
u70,2026-04-13T17:00:00+06:00,send_money,h70_1,200,16481,0
u70,2026-04-14T19:00:00+06:00,mobile_recharge,h70_3,500,16281,0
u70,2026-04-17T07:00:00+06:00,mobile_recharge,h70_0,350,15781,0
u70,2026-04-17T13:00:00+06:00,send_money,h70_2,200,15431,0
u70,2026-04-18T21:00:00+06:00,send_money,h70_2,200,15231,0
u70,2026-04-21T00:00:00+06:00,send_money,h70_1,200,15031,0
u70,2026-04-21T07:00:00+06:00,merchant_payment,h70_3,200,14831,0
u70,2026-04-21T17:00:00+06:00,merchant_payment,h70_3,500,14631,0
u70,2026-04-23T08:00:00+06:00,send_money,h70_3,800,14131,0
u70,2026-04-24T10:00:00+06:00,receive,h70_2,2000,13331,
u70,2026-04-25T23:00:00+06:00,send_money,h70_3,1000,15331,0
u70,2026-04-28T06:00:00+06:00,receive,h70_2,500,14331,
u70,2026-04-29T06:00:00+06:00,receive,h70_3,500,14831,
u70,2026-05-01T03:00:00+06:00,send_money,h70_1,350,15331,0
u70,2026-05-02T22:00:00+06:00,send_money,h70_2,1000,14981,0
u70,2026-05-05T02:00:00+06:00,send_money,h70_3,1000,13981,0
u70,2026-05-05T12:00:00+06:00,merchant_payment,h70_1,200,12981,0
u70,2026-05-06T20:00:00+06:00,receive,h70_2,1000,12781,
u70,2026-05-07T12:00:00+06:00,send_money,h70_0,350,13781,0
u70,2026-05-08T22:00:00+06:00,send_money,h70_2,1000,13431,0
u71,2026-03-02T21:00:00+06:00,merchant_payment,h71_1,1000,4027,0
u71,2026-03-04T20:00:00+06:00,mobile_recharge,h71_1,350,3027,0
u71,2026-03-06T16:00:00+06:00,send_money,h71_0,200,2677,0
u71,2026-03-07T14:00:00+06:00,send_money,h71_0,800,2477,0
u71,2026-03-09T09:00:00+06:00,receive,h71_0,2000,1677,
u71,2026-03-10T13:00:00+06:00,receive,h71_2,3000,3677,
u71,2026-03-10T21:00:00+06:00,receive,h71_3,1000,6677,
u71,2026-03-11T09:00:00+06:00,merchant_payment,h71_0,1000,7677,0
u71,2026-03-11T18:00:00+06:00,send_money,h71_3,500,6677,0
u71,2026-03-13T19:00:00+06:00,send_money,h71_0,200,6177,0
u71,2026-03-16T01:00:00+06:00,merchant_payment,h71_3,350,5977,0
u71,2026-03-18T07:00:00+06:00,receive,h71_3,3000,5627,
u71,2026-03-18T16:00:00+06:00,send_money,h71_0,350,8627,0
u71,2026-03-20T03:00:00+06:00,send_money,h71_3,800,8277,0
u71,2026-03-22T09:00:00+06:00,send_money,h71_2,350,7477,0
u71,2026-03-23T00:00:00+06:00,send_money,h71_3,350,7127,0
u71,2026-03-23T23:00:00+06:00,send_money,h71_2,200,6777,0
u71,2026-03-26T06:00:00+06:00,send_money,h71_0,1000,6577,0
u71,2026-03-27T11:00:00+06:00,send_money,h71_2,350,5577,0
u71,2026-03-28T08:00:00+06:00,receive,h71_2,1000,5227,
u71,2026-03-28T21:00:00+06:00,receive,h71_0,1000,6227,
u71,2026-03-31T07:00:00+06:00,merchant_payment,h71_2,1000,7227,0
u71,2026-04-01T21:00:00+06:00,send_money,h71_1,200,6227,0
u71,2026-04-02T11:00:00+06:00,mobile_recharge,h71_2,500,6027,0
u71,2026-04-04T18:00:00+06:00,receive,h71_3,500,5527,
u71,2026-04-05T11:00:00+06:00,receive,h71_0,2000,6027,
u71,2026-04-06T22:00:00+06:00,send_money,h71_1,350,8027,0
u71,2026-04-09T05:00:00+06:00,mobile_recharge,h71_3,200,7677,0
u71,2026-04-10T18:00:00+06:00,receive,h71_2,2000,7477,
u71,2026-04-12T15:00:00+06:00,send_money,h71_3,200,9477,0
u71,2026-04-14T17:00:00+06:00,send_money,h71_1,500,9277,0
u71,2026-04-16T04:00:00+06:00,merchant_payment,h71_3,200,8777,0
u71,2026-04-17T15:00:00+06:00,mobile_recharge,h71_2,1000,8577,0
u71,2026-04-18T15:00:00+06:00,send_money,h71_2,800,7577,0
u71,2026-04-19T09:00:00+06:00,mobile_recharge,h71_0,500,6777,0
u71,2026-04-20T21:00:00+06:00,receive,h71_1,3000,6277,
u71,2026-04-22T01:00:00+06:00,send_money,x785314,7568,9277,1
u71,2026-04-23T19:00:00+06:00,merchant_payment,h71_2,1000,1709,0
u71,2026-04-25T16:00:00+06:00,mobile_recharge,h71_0,709,709,0
u71,2026-04-27T20:00:00+06:00,receive,h71_3,3000,0,
u71,2026-04-30T06:00:00+06:00,send_money,h71_3,800,3000,0
u71,2026-04-30T14:00:00+06:00,receive,h71_0,500,2200,
u71,2026-05-01T00:00:00+06:00,mobile_recharge,h71_0,1000,2700,0
u71,2026-05-02T13:00:00+06:00,merchant_payment,h71_0,800,1700,0
u72,2026-03-03T19:00:00+06:00,mobile_recharge,h72_1,350,8392,0
u72,2026-03-04T23:00:00+06:00,send_money,x496488,5460,8042,1
u72,2026-03-05T06:00:00+06:00,receive,h72_2,2000,2582,
u72,2026-03-07T02:00:00+06:00,send_money,h72_3,200,4582,0
u72,2026-03-09T02:00:00+06:00,receive,h72_1,3000,4382,
u72,2026-03-09T14:00:00+06:00,receive,h72_0,1000,7382,
u72,2026-03-11T16:00:00+06:00,merchant_payment,h72_0,500,8382,0
u72,2026-03-12T08:00:00+06:00,receive,h72_2,3000,7882,
u72,2026-03-13T09:00:00+06:00,mobile_recharge,h72_3,350,10882,0
u72,2026-03-14T05:00:00+06:00,merchant_payment,h72_2,200,10532,0
u72,2026-03-16T10:00:00+06:00,receive,h72_2,1000,10332,
u72,2026-03-18T02:00:00+06:00,mobile_recharge,h72_3,1000,11332,0
u72,2026-03-19T10:00:00+06:00,mobile_recharge,h72_3,800,10332,0
u72,2026-03-19T22:00:00+06:00,merchant_payment,h72_2,500,9532,0
u72,2026-03-22T02:00:00+06:00,send_money,h72_0,800,9032,0
u72,2026-03-24T08:00:00+06:00,send_money,h72_2,500,8232,0
u72,2026-03-25T22:00:00+06:00,mobile_recharge,h72_1,1000,7732,0
u72,2026-03-26T15:00:00+06:00,receive,h72_3,2000,6732,
u72,2026-03-27T23:00:00+06:00,receive,h72_2,2000,8732,
u72,2026-03-28T06:00:00+06:00,send_money,h72_3,1000,10732,0
u72,2026-03-29T08:00:00+06:00,merchant_payment,h72_3,800,9732,0
u72,2026-03-30T13:00:00+06:00,mobile_recharge,h72_3,500,8932,0
u72,2026-04-01T06:00:00+06:00,receive,h72_2,1000,8432,
u72,2026-04-02T04:00:00+06:00,merchant_payment,h72_1,500,9432,0
u72,2026-04-04T06:00:00+06:00,send_money,h72_0,500,8932,0
u72,2026-04-06T18:00:00+06:00,mobile_recharge,h72_2,800,8432,0
u72,2026-04-07T05:00:00+06:00,merchant_payment,h72_1,800,7632,0
u72,2026-04-08T01:00:00+06:00,receive,h72_2,3000,6832,
u72,2026-04-10T09:00:00+06:00,send_money,h72_0,200,9832,0
u72,2026-04-11T10:00:00+06:00,merchant_payment,h72_1,800,9632,0
u72,2026-04-12T08:00:00+06:00,send_money,h72_1,350,8832,0
u72,2026-04-13T10:00:00+06:00,merchant_payment,h72_1,350,8482,0
u72,2026-04-15T08:00:00+06:00,send_money,h72_2,200,8132,0
u72,2026-04-17T15:00:00+06:00,merchant_payment,h72_1,800,7932,0
u72,2026-04-18T02:00:00+06:00,mobile_recharge,h72_2,200,7132,0
u72,2026-04-18T21:00:00+06:00,send_money,h72_3,1000,6932,0
u72,2026-04-20T12:00:00+06:00,send_money,h72_2,1000,5932,0
u72,2026-04-22T23:00:00+06:00,merchant_payment,h72_0,1000,4932,0
u72,2026-04-23T14:00:00+06:00,send_money,h72_1,500,3932,0
u72,2026-04-23T22:00:00+06:00,mobile_recharge,h72_2,350,3432,0
u72,2026-04-26T10:00:00+06:00,send_money,h72_2,500,3082,0
u72,2026-04-26T19:00:00+06:00,merchant_payment,h72_3,1000,2582,0
u72,2026-04-29T04:00:00+06:00,merchant_payment,h72_1,350,1582,0
u72,2026-05-01T08:00:00+06:00,mobile_recharge,h72_0,500,1232,0
u72,2026-05-03T07:00:00+06:00,send_money,h72_1,732,732,0
u73,2026-03-03T10:00:00+06:00,receive,h73_2,2000,4213,
u73,2026-03-05T05:00:00+06:00,merchant_payment,h73_0,350,6213,0
u73,2026-03-07T01:00:00+06:00,send_money,h73_2,800,5863,0
u73,2026-03-08T16:00:00+06:00,receive,h73_2,2000,5063,
u73,2026-03-09T22:00:00+06:00,mobile_recharge,h73_1,350,7063,0
u73,2026-03-11T17:00:00+06:00,send_money,h73_0,500,6713,0
u73,2026-03-13T17:00:00+06:00,merchant_payment,h73_2,1000,6213,0
u73,2026-03-15T01:00:00+06:00,send_money,h73_3,500,5213,0
u73,2026-03-16T03:00:00+06:00,send_money,x676725,4713,4713,1
u73,2026-03-28T01:00:00+06:00,receive,h73_2,500,0,
u73,2026-03-29T11:00:00+06:00,mobile_recharge,h73_0,500,500,0
u73,2026-03-30T17:00:00+06:00,receive,h73_0,3000,0,
u73,2026-03-31T12:00:00+06:00,merchant_payment,h73_1,350,3000,0
u73,2026-04-02T06:00:00+06:00,merchant_payment,h73_0,1000,2650,0
u73,2026-04-03T06:00:00+06:00,mobile_recharge,h73_3,350,1650,0
u73,2026-04-04T01:00:00+06:00,send_money,x300329,1300,1300,1
u73,2026-04-12T20:00:00+06:00,receive,h73_2,2000,0,
u73,2026-04-14T21:00:00+06:00,send_money,h73_0,800,2000,0
u73,2026-04-15T02:00:00+06:00,send_money,x5061,1200,1200,1
u73,2026-04-20T18:00:00+06:00,receive,h73_3,2000,0,
u73,2026-04-21T16:00:00+06:00,send_money,h73_3,800,2000,0
u73,2026-04-23T17:00:00+06:00,merchant_payment,h73_2,200,1200,0
u73,2026-04-24T14:00:00+06:00,receive,h73_0,3000,1000,
u73,2026-04-26T03:00:00+06:00,send_money,x56587,4000,4000,1
u73,2026-04-27T20:00:00+06:00,receive,h73_2,1000,0,
u73,2026-04-29T02:00:00+06:00,send_money,x347408,1000,1000,1
u74,2026-03-02T23:00:00+06:00,receive,h74_3,500,9840,
u74,2026-03-03T10:00:00+06:00,send_money,h74_0,200,10340,0
u74,2026-03-05T14:00:00+06:00,merchant_payment,h74_3,1000,10140,0
u74,2026-03-06T21:00:00+06:00,mobile_recharge,h74_0,200,9140,0
u74,2026-03-08T07:00:00+06:00,receive,h74_0,500,8940,
u74,2026-03-09T23:00:00+06:00,send_money,h74_0,350,9440,0
u74,2026-03-11T16:00:00+06:00,merchant_payment,h74_3,800,9090,0
u74,2026-03-12T05:00:00+06:00,receive,h74_0,500,8290,
u74,2026-03-12T19:00:00+06:00,receive,h74_1,1000,8790,
u74,2026-03-13T13:00:00+06:00,receive,h74_1,3000,9790,
u74,2026-03-16T00:00:00+06:00,merchant_payment,h74_1,800,12790,0
u74,2026-03-18T05:00:00+06:00,merchant_payment,h74_1,350,11990,0
u74,2026-03-18T21:00:00+06:00,receive,h74_1,2000,11640,
u74,2026-03-19T08:00:00+06:00,receive,h74_1,2000,13640,
u74,2026-03-20T10:00:00+06:00,mobile_recharge,h74_1,350,15640,0
u74,2026-03-21T04:00:00+06:00,send_money,h74_2,800,15290,0
u74,2026-03-23T11:00:00+06:00,merchant_payment,h74_3,800,14490,0
u74,2026-03-25T02:00:00+06:00,receive,h74_0,1000,13690,
u74,2026-03-25T03:00:00+06:00,send_money,x615586,4983,14690,1
u74,2026-03-27T21:00:00+06:00,mobile_recharge,h74_2,500,9707,0
u74,2026-03-28T08:00:00+06:00,send_money,h74_0,500,9207,0
u74,2026-03-29T12:00:00+06:00,receive,h74_2,1000,8707,
u74,2026-03-30T08:00:00+06:00,merchant_payment,h74_2,350,9707,0
u74,2026-04-01T01:00:00+06:00,merchant_payment,h74_0,1000,9357,0
u74,2026-04-01T12:00:00+06:00,receive,h74_3,1000,8357,
u74,2026-04-03T09:00:00+06:00,send_money,h74_2,800,9357,0
u74,2026-04-04T05:00:00+06:00,mobile_recharge,h74_2,1000,8557,0
u74,2026-04-04T22:00:00+06:00,mobile_recharge,h74_1,500,7557,0
u74,2026-04-05T21:00:00+06:00,mobile_recharge,h74_3,500,7057,0
u74,2026-04-08T08:00:00+06:00,send_money,h74_1,200,6557,0
u74,2026-04-10T05:00:00+06:00,send_money,h74_0,500,6357,0
u74,2026-04-12T09:00:00+06:00,mobile_recharge,h74_3,200,5857,0
u74,2026-04-14T19:00:00+06:00,send_money,h74_0,500,5657,0
u74,2026-04-16T03:00:00+06:00,merchant_payment,h74_2,350,5157,0
u74,2026-04-16T20:00:00+06:00,merchant_payment,h74_0,1000,4807,0
u74,2026-04-17T05:00:00+06:00,receive,h74_3,3000,3807,
u74,2026-04-18T14:00:00+06:00,send_money,h74_2,500,6807,0
u74,2026-04-20T23:00:00+06:00,send_money,x741542,6307,6307,1
u74,2026-04-28T03:00:00+06:00,receive,h74_0,3000,0,
u74,2026-04-30T07:00:00+06:00,send_money,h74_1,200,3000,0
u74,2026-05-01T01:00:00+06:00,receive,h74_2,3000,2800,
u75,2026-03-03T16:00:00+06:00,send_money,h75_0,500,17798,0
u75,2026-03-04T07:00:00+06:00,send_money,h75_2,350,17298,0
u75,2026-03-05T02:00:00+06:00,send_money,x873683,7506,16948,1
u75,2026-03-05T19:00:00+06:00,merchant_payment,h75_1,800,9442,0
u75,2026-03-07T10:00:00+06:00,mobile_recharge,h75_0,1000,8642,0
u75,2026-03-09T09:00:00+06:00,receive,h75_2,500,7642,
u75,2026-03-11T17:00:00+06:00,send_money,h75_3,500,8142,0
u75,2026-03-13T06:00:00+06:00,send_money,h75_3,800,7642,0
u75,2026-03-15T01:00:00+06:00,send_money,x667994,6842,6842,1
u75,2026-03-19T19:00:00+06:00,receive,h75_1,500,0,
u75,2026-03-22T05:00:00+06:00,send_money,h75_0,500,500,0
u75,2026-03-24T15:00:00+06:00,receive,h75_2,3000,0,
u75,2026-03-26T07:00:00+06:00,merchant_payment,h75_1,200,3000,0
u75,2026-03-27T21:00:00+06:00,merchant_payment,h75_2,500,2800,0
u75,2026-03-28T08:00:00+06:00,send_money,h75_3,800,2300,0
u75,2026-03-29T15:00:00+06:00,mobile_recharge,h75_3,200,1500,0
u75,2026-03-31T11:00:00+06:00,send_money,h75_1,350,1300,0
u75,2026-04-01T20:00:00+06:00,send_money,h75_3,350,950,0
u75,2026-04-03T13:00:00+06:00,mobile_recharge,h75_2,200,600,0
u75,2026-04-05T02:00:00+06:00,merchant_payment,h75_0,200,400,0
u75,2026-04-07T08:00:00+06:00,mobile_recharge,h75_3,200,200,0
u75,2026-04-13T05:00:00+06:00,receive,h75_1,1000,0,
u75,2026-04-15T07:00:00+06:00,mobile_recharge,h75_0,200,1000,0
u75,2026-04-16T09:00:00+06:00,send_money,h75_2,800,800,0
u75,2026-04-17T18:00:00+06:00,receive,h75_2,1000,0,
u75,2026-04-18T17:00:00+06:00,receive,h75_3,1000,1000,
u75,2026-04-19T12:00:00+06:00,send_money,h75_2,500,2000,0
u75,2026-04-20T02:00:00+06:00,send_money,h75_3,500,1500,0
u75,2026-04-22T10:00:00+06:00,mobile_recharge,h75_2,500,1000,0
u75,2026-04-24T11:00:00+06:00,receive,h75_3,3000,500,
u75,2026-04-26T08:00:00+06:00,receive,h75_3,3000,3500,
u75,2026-04-27T13:00:00+06:00,receive,h75_1,2000,6500,
u75,2026-04-29T13:00:00+06:00,receive,h75_3,500,8500,
u75,2026-05-01T06:00:00+06:00,receive,h75_2,2000,9000,
u75,2026-05-01T20:00:00+06:00,send_money,h75_0,350,11000,0
u75,2026-05-02T14:00:00+06:00,receive,h75_1,500,10650,
u75,2026-05-03T03:00:00+06:00,receive,h75_3,1000,11150,
u76,2026-03-02T21:00:00+06:00,send_money,h76_3,500,11769,0
u76,2026-03-03T11:00:00+06:00,merchant_payment,h76_3,350,11269,0
u76,2026-03-04T15:00:00+06:00,mobile_recharge,h76_3,350,10919,0
u76,2026-03-07T02:00:00+06:00,send_money,h76_3,500,10569,0
u76,2026-03-08T03:00:00+06:00,merchant_payment,h76_3,1000,10069,0
u76,2026-03-09T04:00:00+06:00,merchant_payment,h76_2,1000,9069,0
u76,2026-03-11T04:00:00+06:00,send_money,h76_1,200,8069,0
u76,2026-03-11T12:00:00+06:00,send_money,h76_3,350,7869,0
u76,2026-03-11T22:00:00+06:00,send_money,h76_1,1000,7519,0
u76,2026-03-12T03:00:00+06:00,send_money,x298683,6519,6519,1
u76,2026-03-17T11:00:00+06:00,receive,h76_2,1000,0,
u76,2026-03-19T11:00:00+06:00,receive,h76_2,2000,1000,
u76,2026-03-21T09:00:00+06:00,mobile_recharge,h76_3,500,3000,0
u76,2026-03-23T01:00:00+06:00,send_money,x417886,2500,2500,1
u76,2026-03-26T05:00:00+06:00,receive,h76_3,1000,0,
u76,2026-03-28T05:00:00+06:00,send_money,h76_1,350,1000,0
u76,2026-03-29T21:00:00+06:00,send_money,h76_1,200,650,0
u76,2026-03-30T11:00:00+06:00,send_money,h76_0,450,450,0
u76,2026-04-17T01:00:00+06:00,receive,h76_1,1000,0,
u76,2026-04-19T02:00:00+06:00,send_money,h76_1,200,1000,0
u76,2026-04-20T23:00:00+06:00,receive,h76_2,1000,800,
u76,2026-04-21T22:00:00+06:00,receive,h76_2,1000,1800,
u76,2026-04-22T21:00:00+06:00,receive,h76_0,2000,2800,
u76,2026-04-24T12:00:00+06:00,merchant_payment,h76_2,500,4800,0
u76,2026-04-25T20:00:00+06:00,mobile_recharge,h76_1,500,4300,0
u76,2026-04-26T20:00:00+06:00,mobile_recharge,h76_1,350,3800,0
u76,2026-04-27T03:00:00+06:00,send_money,h76_1,1000,3450,0
u76,2026-04-29T00:00:00+06:00,send_money,h76_0,350,2450,0
u76,2026-04-30T22:00:00+06:00,merchant_payment,h76_2,500,2100,0
u76,2026-05-03T06:00:00+06:00,merchant_payment,h76_2,350,1600,0
u77,2026-03-02T13:00:00+06:00,receive,h77_2,2000,16260,
u77,2026-03-03T07:00:00+06:00,send_money,h77_3,500,18260,0
u77,2026-03-05T18:00:00+06:00,receive,h77_3,3000,17760,
u77,2026-03-07T10:00:00+06:00,receive,h77_2,3000,20760,
u77,2026-03-09T07:00:00+06:00,receive,h77_2,3000,23760,
u77,2026-03-11T09:00:00+06:00,send_money,h77_0,200,26760,0
u77,2026-03-13T12:00:00+06:00,receive,h77_0,500,26560,
u77,2026-03-14T19:00:00+06:00,receive,h77_1,1000,27060,
u77,2026-03-16T08:00:00+06:00,send_money,h77_2,350,28060,0
u77,2026-03-17T09:00:00+06:00,merchant_payment,h77_0,1000,27710,0
u77,2026-03-18T14:00:00+06:00,send_money,h77_3,500,26710,0
u77,2026-03-19T10:00:00+06:00,mobile_recharge,h77_3,800,26210,0
u77,2026-03-21T19:00:00+06:00,send_money,h77_3,800,25410,0
u77,2026-03-23T17:00:00+06:00,send_money,h77_1,800,24610,0
u77,2026-03-24T20:00:00+06:00,mobile_recharge,h77_3,500,23810,0
u77,2026-03-26T11:00:00+06:00,receive,h77_2,3000,23310,
u77,2026-03-26T23:00:00+06:00,receive,h77_2,3000,26310,
u77,2026-03-28T09:00:00+06:00,receive,h77_0,3000,29310,
u77,2026-03-30T05:00:00+06:00,receive,h77_0,2000,32310,
u77,2026-04-01T16:00:00+06:00,merchant_payment,h77_2,200,34310,0
u77,2026-04-02T04:00:00+06:00,receive,h77_1,3000,34110,
u77,2026-04-04T16:00:00+06:00,merchant_payment,h77_3,500,37110,0
u77,2026-04-05T09:00:00+06:00,receive,h77_1,3000,36610,
u77,2026-04-06T10:00:00+06:00,receive,h77_3,1000,39610,
u77,2026-04-07T18:00:00+06:00,receive,h77_3,500,40610,
u77,2026-04-10T05:00:00+06:00,send_money,h77_3,200,41110,0
u77,2026-04-11T19:00:00+06:00,merchant_payment,h77_3,350,40910,0
u77,2026-04-12T12:00:00+06:00,send_money,h77_1,1000,40560,0
u77,2026-04-15T00:00:00+06:00,send_money,h77_0,1000,39560,0
u77,2026-04-15T23:00:00+06:00,receive,h77_3,2000,38560,
u77,2026-04-18T05:00:00+06:00,receive,h77_3,1000,40560,
u77,2026-04-20T06:00:00+06:00,send_money,h77_3,1000,41560,0
u77,2026-04-21T00:00:00+06:00,mobile_recharge,h77_1,350,40560,0
u77,2026-04-22T20:00:00+06:00,mobile_recharge,h77_0,1000,40210,0
u77,2026-04-25T00:00:00+06:00,send_money,h77_2,800,39210,0
u77,2026-04-27T03:00:00+06:00,send_money,h77_0,500,38410,0
u77,2026-04-29T07:00:00+06:00,send_money,h77_0,500,37910,0
u77,2026-04-30T23:00:00+06:00,merchant_payment,h77_0,200,37410,0
u77,2026-05-03T01:00:00+06:00,merchant_payment,h77_0,350,37210,0
u77,2026-05-04T07:00:00+06:00,merchant_payment,h77_2,200,36860,0
u77,2026-05-04T13:00:00+06:00,send_money,h77_2,350,36660,0
u77,2026-05-05T11:00:00+06:00,send_money,h77_3,350,36310,0
u77,2026-05-06T09:00:00+06:00,merchant_payment,h77_0,1000,35960,0
u77,2026-05-07T14:00:00+06:00,send_money,h77_0,350,34960,0
u77,2026-05-08T10:00:00+06:00,merchant_payment,h77_3,200,34610,0
u78,2026-03-04T09:00:00+06:00,receive,h78_2,500,19585,
u78,2026-03-06T10:00:00+06:00,receive,h78_0,500,20085,
u78,2026-03-08T00:00:00+06:00,send_money,h78_1,800,20585,0
u78,2026-03-09T10:00:00+06:00,mobile_recharge,h78_2,800,19785,0
u78,2026-03-11T17:00:00+06:00,mobile_recharge,h78_3,200,18985,0
u78,2026-03-12T01:00:00+06:00,send_money,h78_2,1000,18785,0
u78,2026-03-13T01:00:00+06:00,send_money,h78_1,800,17785,0
u78,2026-03-13T16:00:00+06:00,mobile_recharge,h78_0,500,16985,0
u78,2026-03-15T18:00:00+06:00,merchant_payment,h78_1,500,16485,0
u78,2026-03-17T04:00:00+06:00,mobile_recharge,h78_3,350,15985,0
u78,2026-03-18T07:00:00+06:00,mobile_recharge,h78_1,800,15635,0
u78,2026-03-20T14:00:00+06:00,receive,h78_2,500,14835,
u78,2026-03-22T07:00:00+06:00,receive,h78_0,500,15335,
u78,2026-03-22T21:00:00+06:00,send_money,h78_2,800,15835,0
u78,2026-03-23T05:00:00+06:00,merchant_payment,h78_0,200,15035,0
u78,2026-03-25T02:00:00+06:00,send_money,h78_0,800,14835,0
u78,2026-03-25T20:00:00+06:00,receive,h78_1,2000,14035,
u78,2026-03-28T02:00:00+06:00,mobile_recharge,h78_2,350,16035,0
u78,2026-03-29T10:00:00+06:00,mobile_recharge,h78_2,200,15685,0
u78,2026-03-30T19:00:00+06:00,mobile_recharge,h78_3,1000,15485,0
u78,2026-04-01T02:00:00+06:00,receive,h78_2,500,14485,
u78,2026-04-02T03:00:00+06:00,merchant_payment,h78_2,800,14985,0
u78,2026-04-02T18:00:00+06:00,send_money,h78_3,1000,14185,0
u78,2026-04-03T03:00:00+06:00,send_money,h78_3,350,13185,0
u78,2026-04-04T22:00:00+06:00,receive,h78_3,1000,12835,
u78,2026-04-05T08:00:00+06:00,receive,h78_3,500,13835,
u78,2026-04-07T14:00:00+06:00,merchant_payment,h78_3,500,14335,0
u78,2026-04-08T13:00:00+06:00,merchant_payment,h78_3,1000,13835,0
u78,2026-04-10T03:00:00+06:00,send_money,x391197,12835,12835,1
u78,2026-04-18T19:00:00+06:00,receive,h78_3,2000,0,
u78,2026-04-20T09:00:00+06:00,receive,h78_2,2000,2000,
u78,2026-04-22T10:00:00+06:00,receive,h78_1,500,4000,
u78,2026-04-23T16:00:00+06:00,send_money,h78_3,1000,4500,0
u78,2026-04-25T15:00:00+06:00,send_money,h78_2,200,3500,0
u78,2026-04-27T14:00:00+06:00,merchant_payment,h78_0,800,3300,0
u78,2026-04-29T01:00:00+06:00,send_money,h78_1,500,2500,0
u78,2026-04-30T23:00:00+06:00,send_money,x862476,2000,2000,1
u79,2026-03-04T16:00:00+06:00,receive,h79_3,3000,6181,
u79,2026-03-07T01:00:00+06:00,merchant_payment,h79_1,200,9181,0
u79,2026-03-08T15:00:00+06:00,receive,h79_1,1000,8981,
u79,2026-03-10T19:00:00+06:00,send_money,h79_3,500,9981,0
u79,2026-03-12T22:00:00+06:00,send_money,h79_0,200,9481,0
u79,2026-03-15T10:00:00+06:00,send_money,h79_2,200,9281,0
u79,2026-03-16T02:00:00+06:00,merchant_payment,h79_0,1000,9081,0
u79,2026-03-18T13:00:00+06:00,merchant_payment,h79_1,800,8081,0
u79,2026-03-20T08:00:00+06:00,send_money,h79_0,200,7281,0
u79,2026-03-20T23:00:00+06:00,receive,h79_0,500,7081,
u79,2026-03-21T07:00:00+06:00,send_money,h79_2,500,7581,0
u79,2026-03-22T05:00:00+06:00,send_money,h79_3,1000,7081,0
u79,2026-03-22T14:00:00+06:00,merchant_payment,h79_2,800,6081,0
u79,2026-03-25T01:00:00+06:00,send_money,h79_2,800,5281,0
u79,2026-03-27T06:00:00+06:00,send_money,h79_0,500,4481,0
u79,2026-03-29T04:00:00+06:00,receive,h79_2,2000,3981,
u79,2026-03-30T22:00:00+06:00,mobile_recharge,h79_1,800,5981,0
u79,2026-04-02T03:00:00+06:00,send_money,x368341,5181,5181,1
u79,2026-04-06T18:00:00+06:00,receive,h79_3,3000,0,
u79,2026-04-08T15:00:00+06:00,receive,h79_0,1000,3000,
u79,2026-04-10T11:00:00+06:00,send_money,h79_1,350,4000,0
u79,2026-04-11T12:00:00+06:00,mobile_recharge,h79_3,200,3650,0
u79,2026-04-13T02:00:00+06:00,merchant_payment,h79_3,800,3450,0
u79,2026-04-15T00:00:00+06:00,merchant_payment,h79_1,800,2650,0
u79,2026-04-15T16:00:00+06:00,receive,h79_3,3000,1850,
u79,2026-04-18T01:00:00+06:00,send_money,h79_3,500,4850,0
u79,2026-04-18T15:00:00+06:00,send_money,h79_1,1000,4350,0
u79,2026-04-20T16:00:00+06:00,send_money,h79_2,500,3350,0
u79,2026-04-21T08:00:00+06:00,mobile_recharge,h79_3,500,2850,0
u79,2026-04-22T08:00:00+06:00,receive,h79_1,3000,2350,
u79,2026-04-22T21:00:00+06:00,receive,h79_1,1000,5350,
u79,2026-04-24T04:00:00+06:00,send_money,h79_2,1000,6350,0
u79,2026-04-24T20:00:00+06:00,mobile_recharge,h79_0,350,5350,0
u79,2026-04-27T00:00:00+06:00,receive,h79_2,500,5000,
u79,2026-04-29T06:00:00+06:00,merchant_payment,h79_3,500,5500,0
u79,2026-05-01T03:00:00+06:00,send_money,x864267,5000,5000,1
u79,2026-05-02T14:00:00+06:00,receive,h79_0,3000,0,
u79,2026-05-04T07:00:00+06:00,merchant_payment,h79_1,1000,3000,0
u79,2026-05-05T02:00:00+06:00,receive,h79_3,1000,2000,
u79,2026-05-05T19:00:00+06:00,send_money,h79_3,350,3000,0
u79,2026-05-07T23:00:00+06:00,send_money,h79_2,350,2650,0
